CourseId,Course Name,Student ID,First Name,Last Name
21DPTOK7,TOK 7,QD180106,William,Li
21DPTOK7,TOK 7,QD180234,Natascha,Lu
21DPTOK7,TOK 7,QD180604,Justin,Mao
21DPTOK7,TOK 7,QD180505,Tom,Qiu
21DPTOK7,TOK 7,QD180308,Jacky,Shen
21DPTOK7,TOK 7,QD180518,Olivia,He
21DPTOK7,TOK 7,QD180614,Sherry,Zhang
21DPTOK7,TOK 7,QD180403,Benson,Huang
21DPTOK7,TOK 7,QD180319,Feier,Chen
21DPTOK7,TOK 7,QD180406,Michael,Jiang
21DPTOK7,TOK 7,QD170120,Divina,Jiang
21DPTOK7,TOK 7,QD180536,Oscar,Lin
21DPTOK7,TOK 7,QD180532,Claire,Xia
21DPTOK7,TOK 7,QD180630,Cathy,Zhou
21DPTOK7,TOK 7,QD180413,Elena,Li
21DPTOK7,TOK 7,QD180507,Stanley,Wang
21DPTOK7,TOK 7,QD180307,Eric,Chen
21DPTOK7,TOK 7,QD180433,Antonio,李志行
21DPTOK7,TOK 7,QD180515,Ariel,Zhao
