CourseId,Course Name,Student ID,First Name,Last Name
21DPESSSL1,ESS SL 1,QD180234,Natascha,Lu
21DPESSSL1,ESS SL 1,QD180534,Icey,Cheng
21DPESSSL1,ESS SL 1,QD180525,Charlie,Chai
21DPESSSL1,ESS SL 1,QD180105,Neal,Wan
21DPESSSL1,ESS SL 1,QD180302,Jack,Wang
21DPESSSL1,ESS SL 1,QD180219,Shuding,Wang
21DPESSSL1,ESS SL 1,QD180431,Cindy,Cheng
21DPESSSL1,ESS SL 1,QD180112,Charlotte,Xia
21DPESSSL1,ESS SL 1,QD180118,Christina,Zhao
21DPESSSL1,ESS SL 1,QD180511,Jenny,Hu
21DPESSSL1,ESS SL 1,QD180420,Sylvia,Feng
21DPESSSL1,ESS SL 1,QD180531,Lucy,Lin
21DPESSSL1,ESS SL 1,QD180423,Christopher,Ge
