CourseId,Course Name,Student ID,First Name,Last Name
21DPCHNALSL1,CHN AL SL 1,QD180304,Jacky,Chen
21DPCHNALSL1,CHN AL SL 1,QD180518,Olivia,He
21DPCHNALSL1,CHN AL SL 1,QD180431,Cindy,Cheng
21DPCHNALSL1,CHN AL SL 1,QD180117,Michelle,Huang
21DPCHNALSL1,CHN AL SL 1,QD180124,Harry,Yao
21DPCHNALSL1,CHN AL SL 1,QD180626,Noyes,Zhang
21DPCHNALSL1,CHN AL SL 1,QD180634,Tommy,Hu
21DPCHNALSL1,CHN AL SL 1,QD180516,Carol,Zhu
21DPCHNALSL1,CHN AL SL 1,QD180209,Peter,Feng
21DPCHNALSL1,CHN AL SL 1,QD180310,Celeste,Wang
21DPCHNALSL1,CHN AL SL 1,QD180210,Angela,Mao
21DPCHNALSL1,CHN AL SL 1,QD180207,Jeff,Liu
