CourseId,Course Name,Student ID,First Name,Last Name
21DPCHNALLHL1,CHN ALL HL 1,QD180422,Andy,Zhou
21DPCHNALLHL1,CHN ALL HL 1,QD180616,Sabrina,Tang
21DPCHNALLHL1,CHN ALL HL 1,QD180318,Louis,Sun
21DPCHNALLHL1,CHN ALL HL 1,QD180611,Jessica,Chen
21DPCHNALLHL1,CHN ALL HL 1,QD180228,Cissy,Lin
21DPCHNALLHL1,CHN ALL HL 1,QD180331,Whitney,Zhang
21DPCHNALLHL1,CHN ALL HL 1,QD180216,Helena,Lin
21DPCHNALLHL1,CHN ALL HL 1,QD180512,Holly,Hu
21DPCHNALLHL1,CHN ALL HL 1,QD180529,Elena,Wang
21DPCHNALLHL1,CHN ALL HL 1,QD180528,Jennifer,Lin
21DPCHNALLHL1,CHN ALL HL 1,QD180319,Feier,Chen
21DPCHNALLHL1,CHN ALL HL 1,QD180615,Esther,Guo
21DPCHNALLHL1,CHN ALL HL 1,QD180535,Anthony,Liu
21DPCHNALLHL1,CHN ALL HL 1,QD180630,Cathy,Zhou
21DPCHNALLHL1,CHN ALL HL 1,QD180413,Elena,Li
21DPCHNALLHL1,CHN ALL HL 1,QD180131,Mary,Yu
21DPCHNALLHL1,CHN ALL HL 1,QD180212,Yuri,Hua
21DPCHNALLHL1,CHN ALL HL 1,QD180306,James,Wang
21DPCHNALLHL1,CHN ALL HL 1,QD180127,Julie,Zhang
