CourseId,Course Name,Student ID,First Name,Last Name
21DPCHMHL2,CHM HL 2,QD180234,Natascha,Lu
21DPCHMHL2,CHM HL 2,QD180604,Justin,Mao
21DPCHMHL2,CHM HL 2,QD180329,Stella,Jiang
21DPCHMHL2,CHM HL 2,QD180602,Chase,Chen
21DPCHMHL2,CHM HL 2,QD180320,Promise,Xu
21DPCHMHL2,CHM HL 2,QD180530,Carla,Wang
21DPCHMHL2,CHM HL 2,QD180627,Sherry,Du
21DPCHMHL2,CHM HL 2,QD180129,Serena,Liang
21DPCHMHL2,CHM HL 2,QD180409,Daniel,Ni
21DPCHMHL2,CHM HL 2,QD180118,Christina,Zhao
21DPCHMHL2,CHM HL 2,QD180521,Jeff,Sun
21DPCHMHL2,CHM HL 2,QD180107,Peter,Xu
21DPCHMHL2,CHM HL 2,QD180607,Ethan,Zhang
21DPCHMHL2,CHM HL 2,QD180632,Christine,Gao
21DPCHMHL2,CHM HL 2,QD180420,Sylvia,Feng
21DPCHMHL2,CHM HL 2,QD180504,Arthur,Li
21DPCHMHL2,CHM HL 2,QD180213,Jessica,Yang
