CourseId,Course Name,Student ID,First Name,Last Name
21DPPOL4,POL 4,QD180616,Sabrina,Tang
21DPPOL4,POL 4,QD180617,Zoey,Pei
21DPPOL4,POL 4,QD180205,Tony,Dong
21DPPOL4,POL 4,QD180309,Sean,Gu
21DPPOL4,POL 4,QD180105,Neal,Wan
21DPPOL4,POL 4,QD180602,Chase,Chen
21DPPOL4,POL 4,QD180302,Jack,Wang
21DPPOL4,POL 4,QD180533,Lorna,Tang
21DPPOL4,POL 4,QD180225,Victoria,Zhou
21DPPOL4,POL 4,QD180528,Jennifer,Lin
21DPPOL4,POL 4,QD180514,Kelly,Wu
21DPPOL4,POL 4,QD180627,Sherry,Du
21DPPOL4,POL 4,QD180536,Oscar,Lin
21DPPOL4,POL 4,QD180626,Noyes,Zhang
21DPPOL4,POL 4,QD180118,Christina,Zhao
21DPPOL4,POL 4,QD180334,Annie,Sheng
21DPPOL4,POL 4,QD180107,Peter,Xu
21DPPOL4,POL 4,QD180507,Stanley,Wang
21DPPOL4,POL 4,QD180327,Katherine,Cheng
21DPPOL4,POL 4,QD180621,Boe,chen
21DPPOL4,POL 4,QD180101,Eddie,Ni
21DPPOL4,POL 4,QD180504,Arthur,Li
21DPPOL4,POL 4,QD180213,Jessica,Yang
21DPPOL4,POL 4,QD180223,Jonathan,Xu
