CourseId,Course Name,Student ID,First Name,Last Name
21DPMUSSL/HL,MUS SL/HL,QD180311,Nancy,Wang
21DPMUSSL/HL,MUS SL/HL,QD180615,Esther,Guo
21DPMUSSL/HL,MUS SL/HL,QD180414,Sarah,Zhu
21DPMUSSL/HL,MUS SL/HL,QD180410,Jenny,Yang
21DPMUSSL/HL,MUS SL/HL,QD180535,Anthony,Liu
21DPMUSSL/HL,MUS SL/HL,QD180630,Cathy,Zhou
21DPMUSSL/HL,MUS SL/HL,QD180607,Ethan,Zhang
21DPMUSSL/HL,MUS SL/HL,QD180430,Judy,Du
21DPMUSSL/HL,MUS SL/HL,QD180426,Yorick,Yu
21DPMUSSL/HL,MUS SL/HL,QD180115,Emily,Hu
21DPMUSSL/HL,MUS SL/HL,QD180303,Felix,Zhu
21DPMUSSL/HL,MUS SL/HL,QD180213,Jessica,Yang
