CourseId,Course Name,Student ID,First Name,Last Name
21DPARTSL|HL2,ART SL/HL 2,QD180314,Yuki,Li
21DPARTSL|HL2,ART SL/HL 2,QD180401,Alan,Li
21DPARTSL|HL2,ART SL/HL 2,QD180628,Nicole,Wang
21DPARTSL|HL2,ART SL/HL 2,QD180407,Tim,Shu
21DPARTSL|HL2,ART SL/HL 2,QD180536,Oscar,Lin
21DPARTSL|HL2,ART SL/HL 2,QD180334,Annie,Sheng
21DPARTSL|HL2,ART SL/HL 2,QD180532,Claire,Xia
21DPARTSL|HL2,ART SL/HL 2,QD180210,Angela,Mao
21DPARTSL|HL2,ART SL/HL 2,QD180312,Lyndsey,Lin
21DPARTSL|HL2,ART SL/HL 2,QD180215,Yuki,Wu
