CourseId,Course Name,Student ID,First Name,Last Name
21DPHIS5,HIS 5,QD180206,Calvin,Zhao
21DPHIS5,HIS 5,QD180329,Stella,Jiang
21DPHIS5,HIS 5,QD180218,Isabella,Jin
21DPHIS5,HIS 5,QD180510,Shirley,Zhang
21DPHIS5,HIS 5,QD180128,Ada,Tantai
21DPHIS5,HIS 5,QD180117,Michelle,Huang
21DPHIS5,HIS 5,QD180403,Benson,Huang
21DPHIS5,HIS 5,QD180226,Cheryl,Yang
21DPHIS5,HIS 5,QD180627,Sherry,Du
21DPHIS5,HIS 5,QD180425,Alex,Yao
21DPHIS5,HIS 5,QD180609,Stuart,Zhan
21DPHIS5,HIS 5,QD180305,Patric,Huang
21DPHIS5,HIS 5,QD180632,Christine,Gao
21DPHIS5,HIS 5,QD180603,Nick,Ye
21DPHIS5,HIS 5,QD180432,Elaine,Li
21DPHIS5,HIS 5,QD180312,Lyndsey,Lin
21DPHIS5,HIS 5,QD180316,Daisy,Gui
