CourseId,Course Name,Student ID,First Name,Last Name
21DPMTHSL6,MTH SL 6,QD180422,Andy,Zhou
21DPMTHSL6,MTH SL 6,QD180523,Eric,Wang
21DPMTHSL6,MTH SL 6,QD180228,Cissy,Lin
21DPMTHSL6,MTH SL 6,QD180309,Sean,Gu
21DPMTHSL6,MTH SL 6,QD180533,Lorna,Tang
21DPMTHSL6,MTH SL 6,QD180225,Victoria,Zhou
21DPMTHSL6,MTH SL 6,QD180528,Jennifer,Lin
21DPMTHSL6,MTH SL 6,QD180530,Carla,Wang
21DPMTHSL6,MTH SL 6,QD180429,Amber,Xia
21DPMTHSL6,MTH SL 6,QD180204,Josh,Zhang
21DPMTHSL6,MTH SL 6,QD180417,Julia,Jin
21DPMTHSL6,MTH SL 6,QD180118,Christina,Zhao
21DPMTHSL6,MTH SL 6,QD180334,Annie,Sheng
21DPMTHSL6,MTH SL 6,QD180130,Olivia,Zhong
21DPMTHSL6,MTH SL 6,QD180612,Jessica,He
21DPMTHSL6,MTH SL 6,QD180211,Eunice,Shen
21DPMTHSL6,MTH SL 6,QD180115,Emily,Hu
