CourseId,Course Name,Student ID,First Name,Last Name
21DPENGBHL6,ENG B HL 6,QD180422,Andy,Zhou
21DPENGBHL6,ENG B HL 6,QD180122,Leo,Lu
21DPENGBHL6,ENG B HL 6,QD180608,Oscar,Xiang
21DPENGBHL6,ENG B HL 6,QD180534,Icey,Cheng
21DPENGBHL6,ENG B HL 6,QD180604,Justin,Mao
21DPENGBHL6,ENG B HL 6,QD180105,Neal,Wan
21DPENGBHL6,ENG B HL 6,QD180428,Adelaide,齐其格
21DPENGBHL6,ENG B HL 6,QD180529,Elena,Wang
21DPENGBHL6,ENG B HL 6,QD180606,Terry,Hu
21DPENGBHL6,ENG B HL 6,QD180319,Feier,Chen
21DPENGBHL6,ENG B HL 6,QD180517,Renae,Chen
21DPENGBHL6,ENG B HL 6,QD180522,Marvin,Wu
21DPENGBHL6,ENG B HL 6,QD180116,Amy,Hua
21DPENGBHL6,ENG B HL 6,QD180103,Alex,Wang
21DPENGBHL6,ENG B HL 6,QD180508,David,Wang
21DPENGBHL6,ENG B HL 6,QD180515,Ariel,Zhao
21DPENGBHL6,ENG B HL 6,QD180108,Jason,Zhang
