CourseId,Course Name,Student ID,First Name,Last Name
21DPENGBHL1,ENG B HL 1,QD180523,Eric,Wang
21DPENGBHL1,ENG B HL 1,QD180205,Tony,Dong
21DPENGBHL1,ENG B HL 1,QD180525,Charlie,Chai
21DPENGBHL1,ENG B HL 1,QD180513,Jessica,Yin
21DPENGBHL1,ENG B HL 1,QD180304,Jacky,Chen
21DPENGBHL1,ENG B HL 1,QD180416,May,Wu
21DPENGBHL1,ENG B HL 1,QD180114,Charlotte,Yao
21DPENGBHL1,ENG B HL 1,QD180326,Roy,Wu
21DPENGBHL1,ENG B HL 1,QD180323,Leo,Zhao
21DPENGBHL1,ENG B HL 1,QD180321,Nick,Shen
21DPENGBHL1,ENG B HL 1,QD180426,Yorick,Yu
21DPENGBHL1,ENG B HL 1,QD180424,Neil,Peng
21DPENGBHL1,ENG B HL 1,QD180102,Jack,Luo
