CourseId,Course Name,Student ID,First Name,Last Name
21DPCHNALLHL3,CHN ALL HL 3,QD180313,Claudia,Yang
21DPCHNALLHL3,CHN ALL HL 3,QD180619,Shirley,Chen
21DPCHNALLHL3,CHN ALL HL 3,QD180617,Zoey,Pei
21DPCHNALLHL3,CHN ALL HL 3,QD180523,Eric,Wang
21DPCHNALLHL3,CHN ALL HL 3,QD180620,Brady,Ding
21DPCHNALLHL3,CHN ALL HL 3,QD180219,Shuding,Wang
21DPCHNALLHL3,CHN ALL HL 3,QD180533,Lorna,Tang
21DPCHNALLHL3,CHN ALL HL 3,QD180125,Gabriella,Zhu
21DPCHNALLHL3,CHN ALL HL 3,QD180530,Carla,Wang
21DPCHNALLHL3,CHN ALL HL 3,QD180429,Amber,Xia
21DPCHNALLHL3,CHN ALL HL 3,QD180114,Charlotte,Yao
21DPCHNALLHL3,CHN ALL HL 3,QD180227,Jennifer,Gao
21DPCHNALLHL3,CHN ALL HL 3,QD180417,Julia,Jin
21DPCHNALLHL3,CHN ALL HL 3,QD180334,Annie,Sheng
21DPCHNALLHL3,CHN ALL HL 3,QD180532,Claire,Xia
21DPCHNALLHL3,CHN ALL HL 3,QD180116,Amy,Hua
21DPCHNALLHL3,CHN ALL HL 3,QD180430,Judy,Du
21DPCHNALLHL3,CHN ALL HL 3,QD180515,Ariel,Zhao
21DPCHNALLHL3,CHN ALL HL 3,QD180214,Dora,Li
21DPCHNALLHL3,CHN ALL HL 3,QD180427,Maggie,Lin
21DPCHNALLHL3,CHN ALL HL 3,QD180520,Cleo,Zhang
