CourseId,Course Name,Student ID,First Name,Last Name
21DPPOL8,POL 8,QD180619,Shirley,Chen
21DPPOL8,POL 8,QD180234,Natascha,Lu
21DPPOL8,POL 8,QD180222,Leo,Mo
21DPPOL8,POL 8,QD180308,Jacky,Shen
21DPPOL8,POL 8,QD180518,Olivia,He
21DPPOL8,POL 8,QD180330,Iris,Xu
21DPPOL8,POL 8,QD180614,Sherry,Zhang
21DPPOL8,POL 8,QD180408,Eason,Xiong
21DPPOL8,POL 8,QD180406,Michael,Jiang
21DPPOL8,POL 8,QD180634,Tommy,Hu
21DPPOL8,POL 8,QD180516,Carol,Zhu
21DPPOL8,POL 8,QD180209,Peter,Feng
21DPPOL8,POL 8,QD180321,Nick,Shen
21DPPOL8,POL 8,QD180307,Eric,Chen
21DPPOL8,POL 8,QD180210,Angela,Mao
21DPPOL8,POL 8,QD180231,Ellie,Li
21DPPOL8,POL 8,QD180127,Julie,Zhang
