CourseId,Course Name,Student ID,First Name,Last Name
21DPCHNALLSL1,CHN ALL SL 1,QD180234,Natascha,Lu
21DPCHNALLSL1,CHN ALL SL 1,QD180122,Leo,Lu
21DPCHNALLSL1,CHN ALL SL 1,QD180625,Mike,Cheng
21DPCHNALLSL1,CHN ALL SL 1,QD180505,Tom,Qiu
21DPCHNALLSL1,CHN ALL SL 1,QD180602,Chase,Chen
21DPCHNALLSL1,CHN ALL SL 1,QD180412,Yvonne,Qiu
21DPCHNALLSL1,CHN ALL SL 1,QD180403,Benson,Huang
21DPCHNALLSL1,CHN ALL SL 1,QD180324,Edward,Hu
21DPCHNALLSL1,CHN ALL SL 1,QD180517,Renae,Chen
21DPCHNALLSL1,CHN ALL SL 1,QD180409,Daniel,Ni
21DPCHNALLSL1,CHN ALL SL 1,QD180233,Frank,Song
21DPCHNALLSL1,CHN ALL SL 1,QD180522,Marvin,Wu
21DPCHNALLSL1,CHN ALL SL 1,QD180104,Sam,Dong
21DPCHNALLSL1,CHN ALL SL 1,QD180323,Leo,Zhao
21DPCHNALLSL1,CHN ALL SL 1,QD180220,Albert,Shen
21DPCHNALLSL1,CHN ALL SL 1,QD180307,Eric,Chen
21DPCHNALLSL1,CHN ALL SL 1,QD180508,David,Wang
21DPCHNALLSL1,CHN ALL SL 1,QD180303,Felix,Zhu
