CourseId,Course Name,Student ID,First Name,Last Name
21DPPHYHL1,PHY HL 1,QD180106,William,Li
21DPPHYHL1,PHY HL 1,QD180601,James,Fu
21DPPHYHL1,PHY HL 1,QD180122,Leo,Lu
21DPPHYHL1,PHY HL 1,QD180206,Calvin,Zhao
21DPPHYHL1,PHY HL 1,QD180503,Eric,Sun
21DPPHYHL1,PHY HL 1,QD180620,Brady,Ding
21DPPHYHL1,PHY HL 1,QD180222,Leo,Mo
21DPPHYHL1,PHY HL 1,QD180408,Eason,Xiong
21DPPHYHL1,PHY HL 1,QD180324,Edward,Hu
21DPPHYHL1,PHY HL 1,QD180411,Gloria,Ge
21DPPHYHL1,PHY HL 1,QD180626,Noyes,Zhang
21DPPHYHL1,PHY HL 1,QD180123,Eric,Liu
21DPPHYHL1,PHY HL 1,QD180522,Marvin,Wu
21DPPHYHL1,PHY HL 1,QD180104,Sam,Dong
21DPPHYHL1,PHY HL 1,QD180321,Nick,Shen
21DPPHYHL1,PHY HL 1,QD180507,Stanley,Wang
21DPPHYHL1,PHY HL 1,QD180327,Katherine,Cheng
21DPPHYHL1,PHY HL 1,QD180433,Antonio,李志行
21DPPHYHL1,PHY HL 1,QD180310,Celeste,Wang
21DPPHYHL1,PHY HL 1,QD180621,Boe,chen
21DPPHYHL1,PHY HL 1,QD180508,David,Wang
