CourseId,Course Name,Student ID,First Name,Last Name
21DPECOHL2,ECO HL 2,QD180314,Yuki,Li
21DPECOHL2,ECO HL 2,QD180329,Stella,Jiang
21DPECOHL2,ECO HL 2,QD180218,Isabella,Jin
21DPECOHL2,ECO HL 2,QD180308,Jacky,Shen
21DPECOHL2,ECO HL 2,QD180428,Adelaide,齐其格
21DPECOHL2,ECO HL 2,QD180320,Promise,Xu
21DPECOHL2,ECO HL 2,QD180502,Jason,Jiang
21DPECOHL2,ECO HL 2,QD180404,Johnny,Chen
21DPECOHL2,ECO HL 2,QD180606,Terry,Hu
21DPECOHL2,ECO HL 2,QD180631,Nina,Song
21DPECOHL2,ECO HL 2,QD180627,Sherry,Du
21DPECOHL2,ECO HL 2,QD180414,Sarah,Zhu
21DPECOHL2,ECO HL 2,QD180410,Jenny,Yang
21DPECOHL2,ECO HL 2,QD180609,Stuart,Zhan
21DPECOHL2,ECO HL 2,QD180107,Peter,Xu
21DPECOHL2,ECO HL 2,QD180305,Patric,Huang
21DPECOHL2,ECO HL 2,QD180426,Yorick,Yu
21DPECOHL2,ECO HL 2,QD180115,Emily,Hu
21DPECOHL2,ECO HL 2,QD180303,Felix,Zhu
21DPECOHL2,ECO HL 2,QD180215,Yuki,Wu
