CourseId,Course Name,Student ID,First Name,Last Name
21DPMTHSL5,MTH SL 5,QD180314,Yuki,Li
21DPMTHSL5,MTH SL 5,QD180525,Charlie,Chai
21DPMTHSL5,MTH SL 5,QD180331,Whitney,Zhang
21DPMTHSL5,MTH SL 5,QD180105,Neal,Wan
21DPMTHSL5,MTH SL 5,QD180218,Isabella,Jin
21DPMTHSL5,MTH SL 5,QD180416,May,Wu
21DPMTHSL5,MTH SL 5,QD180518,Olivia,He
21DPMTHSL5,MTH SL 5,QD180614,Sherry,Zhang
21DPMTHSL5,MTH SL 5,QD180226,Cheryl,Yang
21DPMTHSL5,MTH SL 5,QD180326,Roy,Wu
21DPMTHSL5,MTH SL 5,QD180414,Sarah,Zhu
21DPMTHSL5,MTH SL 5,QD180516,Carol,Zhu
21DPMTHSL5,MTH SL 5,QD180630,Cathy,Zhou
21DPMTHSL5,MTH SL 5,QD180420,Sylvia,Feng
21DPMTHSL5,MTH SL 5,QD180327,Katherine,Cheng
21DPMTHSL5,MTH SL 5,QD180131,Mary,Yu
21DPMTHSL5,MTH SL 5,QD180306,James,Wang
