CourseId,Course Name,Student ID,First Name,Last Name
21DPPHYSL2,PHY SL 2,QD180619,Shirley,Chen
21DPPHYSL2,PHY SL 2,QD180318,Louis,Sun
21DPPHYSL2,PHY SL 2,QD180329,Stella,Jiang
21DPPHYSL2,PHY SL 2,QD180218,Isabella,Jin
21DPPHYSL2,PHY SL 2,QD180128,Ada,Tantai
21DPPHYSL2,PHY SL 2,QD180320,Promise,Xu
21DPPHYSL2,PHY SL 2,QD180404,Johnny,Chen
21DPPHYSL2,PHY SL 2,QD180407,Tim,Shu
21DPPHYSL2,PHY SL 2,QD180627,Sherry,Du
21DPPHYSL2,PHY SL 2,QD180402,Jay,Yu
21DPPHYSL2,PHY SL 2,QD180409,Daniel,Ni
21DPPHYSL2,PHY SL 2,QD180609,Stuart,Zhan
21DPPHYSL2,PHY SL 2,QD180230,Elena,Shao
21DPPHYSL2,PHY SL 2,QD180603,Nick,Ye
21DPPHYSL2,PHY SL 2,QD180307,Eric,Chen
21DPPHYSL2,PHY SL 2,QD180424,Neil,Peng
21DPPHYSL2,PHY SL 2,QD180201,Jimmy,Lin
21DPPHYSL2,PHY SL 2,QD180231,Ellie,Li
21DPPHYSL2,PHY SL 2,QD180127,Julie,Zhang
21DPPHYSL2,PHY SL 2,QD180102,Jack,Luo
