CourseId,Course Name,Student ID,First Name,Last Name
21DPHIS3,HIS 3,QD180422,Andy,Zhou
21DPHIS3,HIS 3,QD180318,Louis,Sun
21DPHIS3,HIS 3,QD180301,Eric,Wu
21DPHIS3,HIS 3,QD180620,Brady,Ding
21DPHIS3,HIS 3,QD180602,Chase,Chen
21DPHIS3,HIS 3,QD180304,Jacky,Chen
21DPHIS3,HIS 3,QD180428,Adelaide,齐其格
21DPHIS3,HIS 3,QD180416,May,Wu
21DPHIS3,HIS 3,QD180408,Eason,Xiong
21DPHIS3,HIS 3,QD180324,Edward,Hu
21DPHIS3,HIS 3,QD180615,Esther,Guo
21DPHIS3,HIS 3,QD180421,James,Qu
21DPHIS3,HIS 3,QD180517,Renae,Chen
21DPHIS3,HIS 3,QD180634,Tommy,Hu
21DPHIS3,HIS 3,QD180334,Annie,Sheng
21DPHIS3,HIS 3,QD180522,Marvin,Wu
21DPHIS3,HIS 3,QD180511,Jenny,Hu
21DPHIS3,HIS 3,QD180115,Emily,Hu
21DPHIS3,HIS 3,QD180310,Celeste,Wang
21DPHIS3,HIS 3,QD180212,Yuri,Hua
21DPHIS3,HIS 3,QD180508,David,Wang
21DPHIS3,HIS 3,QD180613,Leah,Liu
21DPHIS3,HIS 3,QD180303,Felix,Zhu
21DPHIS3,HIS 3,QD180127,Julie,Zhang
21DPHIS3,HIS 3,QD180415,Aeris,Zou
