CourseId,Course Name,Student ID,First Name,Last Name
21DPPHYHL2,PHY HL 2,QD180314,Yuki,Li
21DPPHYHL2,PHY HL 2,QD180608,Oscar,Xiang
21DPPHYHL2,PHY HL 2,QD180301,Eric,Wu
21DPPHYHL2,PHY HL 2,QD180625,Mike,Cheng
21DPPHYHL2,PHY HL 2,QD180428,Adelaide,齐其格
21DPPHYHL2,PHY HL 2,QD180502,Jason,Jiang
21DPPHYHL2,PHY HL 2,QD180232,Katy,Yu
21DPPHYHL2,PHY HL 2,QD180406,Michael,Jiang
21DPPHYHL2,PHY HL 2,QD180421,James,Qu
21DPPHYHL2,PHY HL 2,QD180634,Tommy,Hu
21DPPHYHL2,PHY HL 2,QD180509,Tony,Ye
21DPPHYHL2,PHY HL 2,QD180209,Peter,Feng
21DPPHYHL2,PHY HL 2,QD180220,Albert,Shen
21DPPHYHL2,PHY HL 2,QD180103,Alex,Wang
