CourseId,Course Name,Student ID,First Name,Last Name
21DPTOK4,TOK 4,QD180601,James,Fu
21DPTOK4,TOK 4,QD180401,Alan,Li
21DPTOK4,TOK 4,QD180523,Eric,Wang
21DPTOK4,TOK 4,QD180329,Stella,Jiang
21DPTOK4,TOK 4,QD180222,Leo,Mo
21DPTOK4,TOK 4,QD180218,Isabella,Jin
21DPTOK4,TOK 4,QD180219,Shuding,Wang
21DPTOK4,TOK 4,QD180125,Gabriella,Zhu
21DPTOK4,TOK 4,QD180512,Holly,Hu
21DPTOK4,TOK 4,QD180324,Edward,Hu
21DPTOK4,TOK 4,QD180114,Charlotte,Yao
21DPTOK4,TOK 4,QD180606,Terry,Hu
21DPTOK4,TOK 4,QD180410,Jenny,Yang
21DPTOK4,TOK 4,QD180123,Eric,Liu
21DPTOK4,TOK 4,QD180609,Stuart,Zhan
21DPTOK4,TOK 4,QD180305,Patric,Huang
21DPTOK4,TOK 4,QD180430,Judy,Du
21DPTOK4,TOK 4,QD180133,Jessica,Kim
21DPTOK4,TOK 4,QD180612,Jessica,He
21DPTOK4,TOK 4,QD180432,Elaine,Li
21DPTOK4,TOK 4,QD180310,Celeste,Wang
21DPTOK4,TOK 4,QD180207,Jeff,Liu
21DPTOK4,TOK 4,QD180215,Yuki,Wu
