CourseId,Course Name,Student ID,First Name,Last Name
21DPBSMSL1,BSM SL 1,QD180601,James,Fu
21DPBSMSL1,BSM SL 1,QD180122,Leo,Lu
21DPBSMSL1,BSM SL 1,QD180228,Cissy,Lin
21DPBSMSL1,BSM SL 1,QD180309,Sean,Gu
21DPBSMSL1,BSM SL 1,QD180503,Eric,Sun
21DPBSMSL1,BSM SL 1,QD180510,Shirley,Zhang
21DPBSMSL1,BSM SL 1,QD180533,Lorna,Tang
21DPBSMSL1,BSM SL 1,QD180528,Jennifer,Lin
21DPBSMSL1,BSM SL 1,QD180429,Amber,Xia
21DPBSMSL1,BSM SL 1,QD180631,Nina,Song
21DPBSMSL1,BSM SL 1,QD180517,Renae,Chen
21DPBSMSL1,BSM SL 1,QD180417,Julia,Jin
21DPBSMSL1,BSM SL 1,QD180130,Olivia,Zhong
21DPBSMSL1,BSM SL 1,QD180104,Sam,Dong
21DPBSMSL1,BSM SL 1,QD180230,Elena,Shao
21DPBSMSL1,BSM SL 1,QD180413,Elena,Li
21DPBSMSL1,BSM SL 1,QD180507,Stanley,Wang
21DPBSMSL1,BSM SL 1,QD180101,Eddie,Ni
