CourseId,Course Name,Student ID,First Name,Last Name
21DPHIS2,HIS 2,QD180234,Natascha,Lu
21DPHIS2,HIS 2,QD180635,Florence,Zhao
21DPHIS2,HIS 2,QD180604,Justin,Mao
21DPHIS2,HIS 2,QD180523,Eric,Wang
21DPHIS2,HIS 2,QD180526,William,Huang
21DPHIS2,HIS 2,QD180219,Shuding,Wang
21DPHIS2,HIS 2,QD180431,Cindy,Cheng
21DPHIS2,HIS 2,QD180628,Nicole,Wang
21DPHIS2,HIS 2,QD180418,Nadine,Zhang
21DPHIS2,HIS 2,QD180514,Kelly,Wu
21DPHIS2,HIS 2,QD180406,Michael,Jiang
21DPHIS2,HIS 2,QD180129,Serena,Liang
21DPHIS2,HIS 2,QD180409,Daniel,Ni
21DPHIS2,HIS 2,QD180323,Leo,Zhao
21DPHIS2,HIS 2,QD180430,Judy,Du
21DPHIS2,HIS 2,QD180612,Jessica,He
21DPHIS2,HIS 2,QD180307,Eric,Chen
21DPHIS2,HIS 2,QD180210,Angela,Mao
21DPHIS2,HIS 2,QD180207,Jeff,Liu
21DPHIS2,HIS 2,QD180427,Maggie,Lin
