CourseId,Course Name,Student ID,First Name,Last Name
21DPPSYSL,PSY SL,QD180313,Claudia,Yang
21DPPSYSL,PSY SL,QD180619,Shirley,Chen
21DPPSYSL,PSY SL,QD180616,Sabrina,Tang
21DPPSYSL,PSY SL,QD180623,Barry,Pan
21DPPSYSL,PSY SL,QD180330,Iris,Xu
21DPPSYSL,PSY SL,QD180225,Victoria,Zhou
21DPPSYSL,PSY SL,QD180124,Harry,Yao
21DPPSYSL,PSY SL,QD180408,Eason,Xiong
21DPPSYSL,PSY SL,QD180419,Cisy,Guo
21DPPSYSL,PSY SL,QD180626,Noyes,Zhang
21DPPSYSL,PSY SL,QD180402,Jay,Yu
21DPPSYSL,PSY SL,QD180603,Nick,Ye
21DPPSYSL,PSY SL,QD180113,Luna,Xu
21DPPSYSL,PSY SL,QD180131,Mary,Yu
21DPPSYSL,PSY SL,QD180211,Eunice,Shen
21DPPSYSL,PSY SL,QD180103,Alex,Wang
21DPPSYSL,PSY SL,QD180212,Yuri,Hua
21DPPSYSL,PSY SL,QD180613,Leah,Liu
21DPPSYSL,PSY SL,QD180316,Daisy,Gui
21DPPSYSL,PSY SL,QD180127,Julie,Zhang
21DPPSYSL,PSY SL,QD180415,Aeris,Zou
