CourseId,Course Name,Student ID,First Name,Last Name
21DPMTHSL1,MTH SL 1,QD180311,Nancy,Wang
21DPMTHSL1,MTH SL 1,QD180619,Shirley,Chen
21DPMTHSL1,MTH SL 1,QD180629,Alisa,Gao
21DPMTHSL1,MTH SL 1,QD180125,Gabriella,Zhu
21DPMTHSL1,MTH SL 1,QD180418,Nadine,Zhang
21DPMTHSL1,MTH SL 1,QD180618,Esther,Zhang
21DPMTHSL1,MTH SL 1,QD180227,Jennifer,Gao
21DPMTHSL1,MTH SL 1,QD180406,Michael,Jiang
21DPMTHSL1,MTH SL 1,QD180409,Daniel,Ni
21DPMTHSL1,MTH SL 1,QD180323,Leo,Zhao
21DPMTHSL1,MTH SL 1,QD180133,Jessica,Kim
21DPMTHSL1,MTH SL 1,QD180210,Angela,Mao
21DPMTHSL1,MTH SL 1,QD180207,Jeff,Liu
21DPMTHSL1,MTH SL 1,QD180102,Jack,Luo
