CourseId,Course Name,Student ID,First Name,Last Name
21DPENGBHL7,ENG B HL 7,QD180601,James,Fu
21DPENGBHL7,ENG B HL 7,QD180616,Sabrina,Tang
21DPENGBHL7,ENG B HL 7,QD180617,Zoey,Pei
21DPENGBHL7,ENG B HL 7,QD180317,Irene,Chen
21DPENGBHL7,ENG B HL 7,QD180503,Eric,Sun
21DPENGBHL7,ENG B HL 7,QD180623,Barry,Pan
21DPENGBHL7,ENG B HL 7,QD180302,Jack,Wang
21DPENGBHL7,ENG B HL 7,QD180514,Kelly,Wu
21DPENGBHL7,ENG B HL 7,QD180324,Edward,Hu
21DPENGBHL7,ENG B HL 7,QD180631,Nina,Song
21DPENGBHL7,ENG B HL 7,QD180118,Christina,Zhao
21DPENGBHL7,ENG B HL 7,QD180334,Annie,Sheng
21DPENGBHL7,ENG B HL 7,QD180104,Sam,Dong
21DPENGBHL7,ENG B HL 7,QD180322,Louis,Tian
21DPENGBHL7,ENG B HL 7,QD180101,Eddie,Ni
21DPENGBHL7,ENG B HL 7,QD180504,Arthur,Li
21DPENGBHL7,ENG B HL 7,QD180415,Aeris,Zou
21DPENGBHL7,ENG B HL 7,QD180223,Jonathan,Xu
