CourseId,Course Name,Student ID,First Name,Last Name
21DPMTHHL2,MTH HL 2,QD180601,James,Fu
21DPMTHHL2,MTH HL 2,QD180616,Sabrina,Tang
21DPMTHHL2,MTH HL 2,QD180611,Jessica,Chen
21DPMTHHL2,MTH HL 2,QD180503,Eric,Sun
21DPMTHHL2,MTH HL 2,QD180623,Barry,Pan
21DPMTHHL2,MTH HL 2,QD180510,Shirley,Zhang
21DPMTHHL2,MTH HL 2,QD180502,Jason,Jiang
21DPMTHHL2,MTH HL 2,QD180114,Charlotte,Yao
21DPMTHHL2,MTH HL 2,QD180411,Gloria,Ge
21DPMTHHL2,MTH HL 2,QD180626,Noyes,Zhang
21DPMTHHL2,MTH HL 2,QD180123,Eric,Liu
21DPMTHHL2,MTH HL 2,QD180402,Jay,Yu
21DPMTHHL2,MTH HL 2,QD180509,Tony,Ye
21DPMTHHL2,MTH HL 2,QD180607,Ethan,Zhang
21DPMTHHL2,MTH HL 2,QD180321,Nick,Shen
21DPMTHHL2,MTH HL 2,QD180603,Nick,Ye
21DPMTHHL2,MTH HL 2,QD180103,Alex,Wang
21DPMTHHL2,MTH HL 2,QD180621,Boe,chen
21DPMTHHL2,MTH HL 2,QD180316,Daisy,Gui
21DPMTHHL2,MTH HL 2,QD180213,Jessica,Yang
