CourseId,Course Name,Student ID,First Name,Last Name
21DPENGASL2,ENG A SL 2,QD180106,William,Li
21DPENGASL2,ENG A SL 2,QD180620,Brady,Ding
21DPENGASL2,ENG A SL 2,QD180117,Michelle,Huang
21DPENGASL2,ENG A SL 2,QD180232,Katy,Yu
21DPENGASL2,ENG A SL 2,QD180627,Sherry,Du
21DPENGASL2,ENG A SL 2,QD180421,James,Qu
21DPENGASL2,ENG A SL 2,QD180535,Anthony,Liu
21DPENGASL2,ENG A SL 2,QD180209,Peter,Feng
21DPENGASL2,ENG A SL 2,QD180507,Stanley,Wang
21DPENGASL2,ENG A SL 2,QD180531,Lucy,Lin
21DPENGASL2,ENG A SL 2,QD180433,Antonio,李志行
21DPENGASL2,ENG A SL 2,QD180310,Celeste,Wang
21DPENGASL2,ENG A SL 2,QD180127,Julie,Zhang
