CourseId,Course Name,Student ID,First Name,Last Name
21DPBSMSL2,BSM SL 2,QD180617,Zoey,Pei
21DPBSMSL2,BSM SL 2,QD180317,Irene,Chen
21DPBSMSL2,BSM SL 2,QD180604,Justin,Mao
21DPBSMSL2,BSM SL 2,QD180526,William,Huang
21DPBSMSL2,BSM SL 2,QD180513,Jessica,Yin
21DPBSMSL2,BSM SL 2,QD180304,Jacky,Chen
21DPBSMSL2,BSM SL 2,QD180124,Harry,Yao
21DPBSMSL2,BSM SL 2,QD180628,Nicole,Wang
21DPBSMSL2,BSM SL 2,QD180232,Katy,Yu
21DPBSMSL2,BSM SL 2,QD180114,Charlotte,Yao
21DPBSMSL2,BSM SL 2,QD180421,James,Qu
21DPBSMSL2,BSM SL 2,QD180129,Serena,Liang
21DPBSMSL2,BSM SL 2,QD180634,Tommy,Hu
21DPBSMSL2,BSM SL 2,QD180509,Tony,Ye
21DPBSMSL2,BSM SL 2,QD180116,Amy,Hua
21DPBSMSL2,BSM SL 2,QD180430,Judy,Du
21DPBSMSL2,BSM SL 2,QD180307,Eric,Chen
21DPBSMSL2,BSM SL 2,QD180312,Lyndsey,Lin
21DPBSMSL2,BSM SL 2,QD180108,Jason,Zhang
21DPBSMSL2,BSM SL 2,QD180213,Jessica,Yang
