CourseId,Course Name,Student ID,First Name,Last Name
21DPMTHHL3,MTH HL 3,QD180234,Natascha,Lu
21DPMTHHL3,MTH HL 3,QD180122,Leo,Lu
21DPMTHHL3,MTH HL 3,QD180205,Tony,Dong
21DPMTHHL3,MTH HL 3,QD180625,Mike,Cheng
21DPMTHHL3,MTH HL 3,QD180302,Jack,Wang
21DPMTHHL3,MTH HL 3,QD180304,Jacky,Chen
21DPMTHHL3,MTH HL 3,QD180117,Michelle,Huang
21DPMTHHL3,MTH HL 3,QD180408,Eason,Xiong
21DPMTHHL3,MTH HL 3,QD180627,Sherry,Du
21DPMTHHL3,MTH HL 3,QD180421,James,Qu
21DPMTHHL3,MTH HL 3,QD180410,Jenny,Yang
21DPMTHHL3,MTH HL 3,QD180535,Anthony,Liu
21DPMTHHL3,MTH HL 3,QD180104,Sam,Dong
21DPMTHHL3,MTH HL 3,QD180507,Stanley,Wang
21DPMTHHL3,MTH HL 3,QD180426,Yorick,Yu
21DPMTHHL3,MTH HL 3,QD180220,Albert,Shen
21DPMTHHL3,MTH HL 3,QD180307,Eric,Chen
21DPMTHHL3,MTH HL 3,QD180310,Celeste,Wang
21DPMTHHL3,MTH HL 3,QD180212,Yuri,Hua
21DPMTHHL3,MTH HL 3,QD180101,Eddie,Ni
21DPMTHHL3,MTH HL 3,QD180127,Julie,Zhang
