CourseId,Course Name,Student ID,First Name,Last Name
21DPENGBHL4,ENG B HL 4,QD180313,Claudia,Yang
21DPENGBHL4,ENG B HL 4,QD180619,Shirley,Chen
21DPENGBHL4,ENG B HL 4,QD180206,Calvin,Zhao
21DPENGBHL4,ENG B HL 4,QD180320,Promise,Xu
21DPENGBHL4,ENG B HL 4,QD180216,Helena,Lin
21DPENGBHL4,ENG B HL 4,QD180533,Lorna,Tang
21DPENGBHL4,ENG B HL 4,QD180330,Iris,Xu
21DPENGBHL4,ENG B HL 4,QD180225,Victoria,Zhou
21DPENGBHL4,ENG B HL 4,QD180528,Jennifer,Lin
21DPENGBHL4,ENG B HL 4,QD180429,Amber,Xia
21DPENGBHL4,ENG B HL 4,QD180407,Tim,Shu
21DPENGBHL4,ENG B HL 4,QD180516,Carol,Zhu
21DPENGBHL4,ENG B HL 4,QD180521,Jeff,Sun
21DPENGBHL4,ENG B HL 4,QD180230,Elena,Shao
21DPENGBHL4,ENG B HL 4,QD180420,Sylvia,Feng
21DPENGBHL4,ENG B HL 4,QD180210,Angela,Mao
