CourseId,Course Name,Student ID,First Name,Last Name
21DPECOHL4,ECO HL 4,QD180106,William,Li
21DPECOHL4,ECO HL 4,QD180228,Cissy,Lin
21DPECOHL4,ECO HL 4,QD180301,Eric,Wu
21DPECOHL4,ECO HL 4,QD180620,Brady,Ding
21DPECOHL4,ECO HL 4,QD180629,Alisa,Gao
21DPECOHL4,ECO HL 4,QD180216,Helena,Lin
21DPECOHL4,ECO HL 4,QD180512,Holly,Hu
21DPECOHL4,ECO HL 4,QD180112,Charlotte,Xia
21DPECOHL4,ECO HL 4,QD180419,Cisy,Guo
21DPECOHL4,ECO HL 4,QD180227,Jennifer,Gao
21DPECOHL4,ECO HL 4,QD180326,Roy,Wu
21DPECOHL4,ECO HL 4,QD180536,Oscar,Lin
21DPECOHL4,ECO HL 4,QD180521,Jeff,Sun
21DPECOHL4,ECO HL 4,QD180511,Jenny,Hu
21DPECOHL4,ECO HL 4,QD180420,Sylvia,Feng
21DPECOHL4,ECO HL 4,QD180413,Elena,Li
21DPECOHL4,ECO HL 4,QD180327,Katherine,Cheng
