CourseId,Course Name,Student ID,First Name,Last Name
21DPCHNALHL2,CHN AL HL 2,QD180501,Eason,Zhang
21DPCHNALHL2,CHN AL HL 2,QD180635,Florence,Zhao
21DPCHNALHL2,CHN AL HL 2,QD180608,Oscar,Xiang
21DPCHNALHL2,CHN AL HL 2,QD180121,Harrison,Qi
21DPCHNALHL2,CHN AL HL 2,QD180225,Victoria,Zhou
21DPCHNALHL2,CHN AL HL 2,QD180419,Cisy,Guo
21DPCHNALHL2,CHN AL HL 2,QD180514,Kelly,Wu
21DPCHNALHL2,CHN AL HL 2,QD180204,Josh,Zhang
21DPCHNALHL2,CHN AL HL 2,QD180527,Ron,Ren
21DPCHNALHL2,CHN AL HL 2,QD180531,Lucy,Lin
21DPCHNALHL2,CHN AL HL 2,QD180424,Neil,Peng
21DPCHNALHL2,CHN AL HL 2,QD180115,Emily,Hu
21DPCHNALHL2,CHN AL HL 2,QD180613,Leah,Liu
21DPCHNALHL2,CHN AL HL 2,QD180415,Aeris,Zou
21DPCHNALHL2,CHN AL HL 2,QD180223,Jonathan,Xu
