CourseId,Course Name,Student ID,First Name,Last Name
21DPBIOSL3,BIO SL 3,QD180317,Irene,Chen
21DPBIOSL3,BIO SL 3,QD180228,Cissy,Lin
21DPBIOSL3,BIO SL 3,QD180623,Barry,Pan
21DPBIOSL3,BIO SL 3,QD180308,Jacky,Shen
21DPBIOSL3,BIO SL 3,QD180431,Cindy,Cheng
21DPBIOSL3,BIO SL 3,QD180119,Claire,Luo
21DPBIOSL3,BIO SL 3,QD180529,Elena,Wang
21DPBIOSL3,BIO SL 3,QD180528,Jennifer,Lin
21DPBIOSL3,BIO SL 3,QD180319,Feier,Chen
21DPBIOSL3,BIO SL 3,QD180631,Nina,Song
21DPBIOSL3,BIO SL 3,QD180536,Oscar,Lin
21DPBIOSL3,BIO SL 3,QD180130,Olivia,Zhong
21DPBIOSL3,BIO SL 3,QD180323,Leo,Zhao
21DPBIOSL3,BIO SL 3,QD180612,Jessica,He
21DPBIOSL3,BIO SL 3,QD180211,Eunice,Shen
21DPBIOSL3,BIO SL 3,QD180210,Angela,Mao
21DPBIOSL3,BIO SL 3,QD180316,Daisy,Gui
