CourseId,Course Name,Student ID,First Name,Last Name
21DPHIS1,HIS 1,QD180313,Claudia,Yang
21DPHIS1,HIS 1,QD180619,Shirley,Chen
21DPHIS1,HIS 1,QD180608,Oscar,Xiang
21DPHIS1,HIS 1,QD180309,Sean,Gu
21DPHIS1,HIS 1,QD180623,Barry,Pan
21DPHIS1,HIS 1,QD180216,Helena,Lin
21DPHIS1,HIS 1,QD180330,Iris,Xu
21DPHIS1,HIS 1,QD180124,Harry,Yao
21DPHIS1,HIS 1,QD180528,Jennifer,Lin
21DPHIS1,HIS 1,QD180419,Cisy,Guo
21DPHIS1,HIS 1,QD180319,Feier,Chen
21DPHIS1,HIS 1,QD180410,Jenny,Yang
21DPHIS1,HIS 1,QD180217,Serah,Zhou
21DPHIS1,HIS 1,QD180123,Eric,Liu
21DPHIS1,HIS 1,QD180509,Tony,Ye
21DPHIS1,HIS 1,QD180230,Elena,Shao
21DPHIS1,HIS 1,QD180322,Louis,Tian
21DPHIS1,HIS 1,QD180220,Albert,Shen
21DPHIS1,HIS 1,QD180103,Alex,Wang
21DPHIS1,HIS 1,QD180101,Eddie,Ni
21DPHIS1,HIS 1,QD180231,Ellie,Li
21DPHIS1,HIS 1,QD180223,Jonathan,Xu
