CourseId,Course Name,Student ID,First Name,Last Name
21DPPOL2,POL 2,QD180311,Nancy,Wang
21DPPOL2,POL 2,QD180501,Eason,Zhang
21DPPOL2,POL 2,QD180608,Oscar,Xiang
21DPPOL2,POL 2,QD180301,Eric,Wu
21DPPOL2,POL 2,QD180513,Jessica,Yin
21DPPOL2,POL 2,QD180304,Jacky,Chen
21DPPOL2,POL 2,QD180119,Claire,Luo
21DPPOL2,POL 2,QD180124,Harry,Yao
21DPPOL2,POL 2,QD180618,Esther,Zhang
21DPPOL2,POL 2,QD180232,Katy,Yu
21DPPOL2,POL 2,QD180421,James,Qu
21DPPOL2,POL 2,QD180425,Alex,Yao
21DPPOL2,POL 2,QD180532,Claire,Xia
21DPPOL2,POL 2,QD180521,Jeff,Sun
21DPPOL2,POL 2,QD180632,Christine,Gao
21DPPOL2,POL 2,QD180511,Jenny,Hu
21DPPOL2,POL 2,QD180201,Jimmy,Lin
21DPPOL2,POL 2,QD180515,Ariel,Zhao
21DPPOL2,POL 2,QD180108,Jason,Zhang
21DPPOL2,POL 2,QD180415,Aeris,Zou
