CourseId,Course Name,Student ID,First Name,Last Name
21DPMTHSL4,MTH SL 4,QD180501,Eason,Zhang
21DPMTHSL4,MTH SL 4,QD180317,Irene,Chen
21DPMTHSL4,MTH SL 4,QD180604,Justin,Mao
21DPMTHSL4,MTH SL 4,QD180329,Stella,Jiang
21DPMTHSL4,MTH SL 4,QD180219,Shuding,Wang
21DPMTHSL4,MTH SL 4,QD180128,Ada,Tantai
21DPMTHSL4,MTH SL 4,QD180124,Harry,Yao
21DPMTHSL4,MTH SL 4,QD180512,Holly,Hu
21DPMTHSL4,MTH SL 4,QD180529,Elena,Wang
21DPMTHSL4,MTH SL 4,QD180631,Nina,Song
21DPMTHSL4,MTH SL 4,QD180536,Oscar,Lin
21DPMTHSL4,MTH SL 4,QD180129,Serena,Liang
21DPMTHSL4,MTH SL 4,QD180532,Claire,Xia
21DPMTHSL4,MTH SL 4,QD180430,Judy,Du
21DPMTHSL4,MTH SL 4,QD180322,Louis,Tian
21DPMTHSL4,MTH SL 4,QD180613,Leah,Liu
21DPMTHSL4,MTH SL 4,QD180312,Lyndsey,Lin
21DPMTHSL4,MTH SL 4,QD180215,Yuki,Wu
21DPMTHSL4,MTH SL 4,QD180520,Cleo,Zhang
