CourseId,Course Name,Student ID,First Name,Last Name
21DPCHNALLSL4,CHN ALL SL 4,QD180106,William,Li
21DPCHNALLSL4,CHN ALL SL 4,QD180534,Icey,Cheng
21DPCHNALLSL4,CHN ALL SL 4,QD180301,Eric,Wu
21DPCHNALLSL4,CHN ALL SL 4,QD180503,Eric,Sun
21DPCHNALLSL4,CHN ALL SL 4,QD180428,Adelaide,齐其格
21DPCHNALLSL4,CHN ALL SL 4,QD180502,Jason,Jiang
21DPCHNALLSL4,CHN ALL SL 4,QD180404,Johnny,Chen
21DPCHNALLSL4,CHN ALL SL 4,QD180618,Esther,Zhang
21DPCHNALLSL4,CHN ALL SL 4,QD180232,Katy,Yu
21DPCHNALLSL4,CHN ALL SL 4,QD180402,Jay,Yu
21DPCHNALLSL4,CHN ALL SL 4,QD180118,Christina,Zhao
21DPCHNALLSL4,CHN ALL SL 4,QD180521,Jeff,Sun
21DPCHNALLSL4,CHN ALL SL 4,QD180632,Christine,Gao
21DPCHNALLSL4,CHN ALL SL 4,QD180322,Louis,Tian
21DPCHNALLSL4,CHN ALL SL 4,QD180603,Nick,Ye
21DPCHNALLSL4,CHN ALL SL 4,QD180103,Alex,Wang
21DPCHNALLSL4,CHN ALL SL 4,QD180312,Lyndsey,Lin
