CourseId,Course Name,Student ID,First Name,Last Name
21DPCHMSL2,CHM SL 2,QD180401,Alan,Li
21DPCHMSL2,CHM SL 2,QD180617,Zoey,Pei
21DPCHMSL2,CHM SL 2,QD180206,Calvin,Zhao
21DPCHMSL2,CHM SL 2,QD180526,William,Huang
21DPCHMSL2,CHM SL 2,QD180105,Neal,Wan
21DPCHMSL2,CHM SL 2,QD180219,Shuding,Wang
21DPCHMSL2,CHM SL 2,QD180124,Harry,Yao
21DPCHMSL2,CHM SL 2,QD180512,Holly,Hu
21DPCHMSL2,CHM SL 2,QD180514,Kelly,Wu
21DPCHMSL2,CHM SL 2,QD180606,Terry,Hu
21DPCHMSL2,CHM SL 2,QD180414,Sarah,Zhu
21DPCHMSL2,CHM SL 2,QD180626,Noyes,Zhang
21DPCHMSL2,CHM SL 2,QD180430,Judy,Du
21DPCHMSL2,CHM SL 2,QD180133,Jessica,Kim
21DPCHMSL2,CHM SL 2,QD180207,Jeff,Liu
