CourseId,Course Name,Student ID,First Name,Last Name
21DPMTHSL3,MTH SL 3,QD180313,Claudia,Yang
21DPMTHSL3,MTH SL 3,QD180301,Eric,Wu
21DPMTHSL3,MTH SL 3,QD180412,Yvonne,Qiu
21DPMTHSL3,MTH SL 3,QD180119,Claire,Luo
21DPMTHSL3,MTH SL 3,QD180610,Amy,Pei
21DPMTHSL3,MTH SL 3,QD180419,Cisy,Guo
21DPMTHSL3,MTH SL 3,QD180407,Tim,Shu
21DPMTHSL3,MTH SL 3,QD180425,Alex,Yao
21DPMTHSL3,MTH SL 3,QD180521,Jeff,Sun
21DPMTHSL3,MTH SL 3,QD180632,Christine,Gao
21DPMTHSL3,MTH SL 3,QD180424,Neil,Peng
21DPMTHSL3,MTH SL 3,QD180515,Ariel,Zhao
21DPMTHSL3,MTH SL 3,QD180415,Aeris,Zou
21DPMTHSL3,MTH SL 3,QD180427,Maggie,Lin
