CourseId,Course Name,Student ID,First Name,Last Name
21DPTOK7,TOK 7,QD180317,Irene,Chen
21DPTOK7,TOK 7,QD180331,Whitney,Zhang
21DPTOK7,TOK 7,QD180105,Neal,Wan
21DPTOK7,TOK 7,QD180510,Shirley,Zhang
21DPTOK7,TOK 7,QD180431,Cindy,Cheng
21DPTOK7,TOK 7,QD180628,Nicole,Wang
21DPTOK7,TOK 7,QD180528,Jennifer,Lin
21DPTOK7,TOK 7,QD180226,Cheryl,Yang
21DPTOK7,TOK 7,QD180414,Sarah,Zhu
21DPTOK7,TOK 7,QD180411,Gloria,Ge
21DPTOK7,TOK 7,QD180521,Jeff,Sun
21DPTOK7,TOK 7,QD180632,Christine,Gao
21DPTOK7,TOK 7,QD180327,Katherine,Cheng
21DPTOK7,TOK 7,QD180103,Alex,Wang
21DPTOK7,TOK 7,QD180621,Boe,chen
21DPTOK7,TOK 7,QD180231,Ellie,Li
21DPTOK7,TOK 7,QD180306,James,Wang
