CourseId,Course Name,Student ID,First Name,Last Name
21DPMTHSL7,MTH SL 7,QD180401,Alan,Li
21DPMTHSL7,MTH SL 7,QD180318,Louis,Sun
21DPMTHSL7,MTH SL 7,QD180513,Jessica,Yin
21DPMTHSL7,MTH SL 7,QD180602,Chase,Chen
21DPMTHSL7,MTH SL 7,QD180320,Promise,Xu
21DPMTHSL7,MTH SL 7,QD180216,Helena,Lin
21DPMTHSL7,MTH SL 7,QD180330,Iris,Xu
21DPMTHSL7,MTH SL 7,QD180628,Nicole,Wang
21DPMTHSL7,MTH SL 7,QD180112,Charlotte,Xia
21DPMTHSL7,MTH SL 7,QD180324,Edward,Hu
21DPMTHSL7,MTH SL 7,QD180517,Renae,Chen
21DPMTHSL7,MTH SL 7,QD180107,Peter,Xu
21DPMTHSL7,MTH SL 7,QD180230,Elena,Shao
21DPMTHSL7,MTH SL 7,QD180413,Elena,Li
21DPMTHSL7,MTH SL 7,QD180113,Luna,Xu
21DPMTHSL7,MTH SL 7,QD180504,Arthur,Li
21DPMTHSL7,MTH SL 7,QD180423,Christopher,Ge
