CourseId,Course Name,Student ID,First Name,Last Name
21DPENGBHL8,ENG B HL 8,QD180611,Jessica,Chen
21DPENGBHL8,ENG B HL 8,QD180329,Stella,Jiang
21DPENGBHL8,ENG B HL 8,QD180309,Sean,Gu
21DPENGBHL8,ENG B HL 8,QD180526,William,Huang
21DPENGBHL8,ENG B HL 8,QD180629,Alisa,Gao
21DPENGBHL8,ENG B HL 8,QD180412,Yvonne,Qiu
21DPENGBHL8,ENG B HL 8,QD180124,Harry,Yao
21DPENGBHL8,ENG B HL 8,QD180512,Holly,Hu
21DPENGBHL8,ENG B HL 8,QD180418,Nadine,Zhang
21DPENGBHL8,ENG B HL 8,QD180406,Michael,Jiang
21DPENGBHL8,ENG B HL 8,QD180626,Noyes,Zhang
21DPENGBHL8,ENG B HL 8,QD180129,Serena,Liang
21DPENGBHL8,ENG B HL 8,QD180634,Tommy,Hu
21DPENGBHL8,ENG B HL 8,QD180409,Daniel,Ni
21DPENGBHL8,ENG B HL 8,QD180609,Stuart,Zhan
21DPENGBHL8,ENG B HL 8,QD180509,Tony,Ye
21DPENGBHL8,ENG B HL 8,QD180305,Patric,Huang
21DPENGBHL8,ENG B HL 8,QD180133,Jessica,Kim
21DPENGBHL8,ENG B HL 8,QD180511,Jenny,Hu
21DPENGBHL8,ENG B HL 8,QD180432,Elaine,Li
21DPENGBHL8,ENG B HL 8,QD180201,Jimmy,Lin
21DPENGBHL8,ENG B HL 8,QD180207,Jeff,Liu
21DPENGBHL8,ENG B HL 8,QD180303,Felix,Zhu
21DPENGBHL8,ENG B HL 8,QD180215,Yuki,Wu
21DPENGBHL8,ENG B HL 8,QD180213,Jessica,Yang
