CourseId,Course Name,Student ID,First Name,Last Name
21DPTOK5,TOK 5,QD180314,Yuki,Li
21DPTOK5,TOK 5,QD180318,Louis,Sun
21DPTOK5,TOK 5,QD180309,Sean,Gu
21DPTOK5,TOK 5,QD180304,Jacky,Chen
21DPTOK5,TOK 5,QD180320,Promise,Xu
21DPTOK5,TOK 5,QD180533,Lorna,Tang
21DPTOK5,TOK 5,QD180225,Victoria,Zhou
21DPTOK5,TOK 5,QD180124,Harry,Yao
21DPTOK5,TOK 5,QD180421,James,Qu
21DPTOK5,TOK 5,QD180626,Noyes,Zhang
21DPTOK5,TOK 5,QD180402,Jay,Yu
21DPTOK5,TOK 5,QD180107,Peter,Xu
21DPTOK5,TOK 5,QD180230,Elena,Shao
21DPTOK5,TOK 5,QD180424,Neil,Peng
21DPTOK5,TOK 5,QD180201,Jimmy,Lin
21DPTOK5,TOK 5,QD180613,Leah,Liu
21DPTOK5,TOK 5,QD180423,Christopher,Ge
21DPTOK5,TOK 5,QD180520,Cleo,Zhang
