CourseId,Course Name,Student ID,First Name,Last Name
21DPESSSL2,ESS SL 2,QD180616,Sabrina,Tang
21DPESSSL2,ESS SL 2,QD180611,Jessica,Chen
21DPESSSL2,ESS SL 2,QD180620,Brady,Ding
21DPESSSL2,ESS SL 2,QD180331,Whitney,Zhang
21DPESSSL2,ESS SL 2,QD180602,Chase,Chen
21DPESSSL2,ESS SL 2,QD180216,Helena,Lin
21DPESSSL2,ESS SL 2,QD180125,Gabriella,Zhu
21DPESSSL2,ESS SL 2,QD180529,Elena,Wang
21DPESSSL2,ESS SL 2,QD180114,Charlotte,Yao
21DPESSSL2,ESS SL 2,QD180116,Amy,Hua
21DPESSSL2,ESS SL 2,QD180327,Katherine,Cheng
21DPESSSL2,ESS SL 2,QD180432,Elaine,Li
21DPESSSL2,ESS SL 2,QD180214,Dora,Li
21DPESSSL2,ESS SL 2,QD180427,Maggie,Lin
