CourseId,Course Name,Student ID,First Name,Last Name
21DPMTHSL2,MTH SL 2,QD180635,Florence,Zhao
21DPMTHSL2,MTH SL 2,QD180608,Oscar,Xiang
21DPMTHSL2,MTH SL 2,QD180617,Zoey,Pei
21DPMTHSL2,MTH SL 2,QD180534,Icey,Cheng
21DPMTHSL2,MTH SL 2,QD180620,Brady,Ding
21DPMTHSL2,MTH SL 2,QD180428,Adelaide,齐其格
21DPMTHSL2,MTH SL 2,QD180514,Kelly,Wu
21DPMTHSL2,MTH SL 2,QD180606,Terry,Hu
21DPMTHSL2,MTH SL 2,QD180319,Feier,Chen
21DPMTHSL2,MTH SL 2,QD180615,Esther,Guo
21DPMTHSL2,MTH SL 2,QD180217,Serah,Zhou
21DPMTHSL2,MTH SL 2,QD180116,Amy,Hua
21DPMTHSL2,MTH SL 2,QD180527,Ron,Ren
21DPMTHSL2,MTH SL 2,QD180511,Jenny,Hu
21DPMTHSL2,MTH SL 2,QD180531,Lucy,Lin
21DPMTHSL2,MTH SL 2,QD180432,Elaine,Li
21DPMTHSL2,MTH SL 2,QD180214,Dora,Li
21DPMTHSL2,MTH SL 2,QD180231,Ellie,Li
21DPMTHSL2,MTH SL 2,QD180223,Jonathan,Xu
