CourseId,Course Name,Student ID,First Name,Last Name
21DPTOK1,TOK 1,QD180311,Nancy,Wang
21DPTOK1,TOK 1,QD180616,Sabrina,Tang
21DPTOK1,TOK 1,QD180228,Cissy,Lin
21DPTOK1,TOK 1,QD180503,Eric,Sun
21DPTOK1,TOK 1,QD180428,Adelaide,齐其格
21DPTOK1,TOK 1,QD180502,Jason,Jiang
21DPTOK1,TOK 1,QD180117,Michelle,Huang
21DPTOK1,TOK 1,QD180418,Nadine,Zhang
21DPTOK1,TOK 1,QD180408,Eason,Xiong
21DPTOK1,TOK 1,QD180514,Kelly,Wu
21DPTOK1,TOK 1,QD180615,Esther,Guo
21DPTOK1,TOK 1,QD180517,Renae,Chen
21DPTOK1,TOK 1,QD180425,Alex,Yao
21DPTOK1,TOK 1,QD180516,Carol,Zhu
21DPTOK1,TOK 1,QD180104,Sam,Dong
21DPTOK1,TOK 1,QD180511,Jenny,Hu
21DPTOK1,TOK 1,QD180531,Lucy,Lin
21DPTOK1,TOK 1,QD180131,Mary,Yu
21DPTOK1,TOK 1,QD180212,Yuri,Hua
21DPTOK1,TOK 1,QD180214,Dora,Li
21DPTOK1,TOK 1,QD180127,Julie,Zhang
21DPTOK1,TOK 1,QD180415,Aeris,Zou
