CourseId,Course Name,Student ID,First Name,Last Name
21DPPOL3,POL 3,QD180122,Leo,Lu
21DPPOL3,POL 3,QD180317,Irene,Chen
21DPPOL3,POL 3,QD180523,Eric,Wang
21DPPOL3,POL 3,QD180329,Stella,Jiang
21DPPOL3,POL 3,QD180625,Mike,Cheng
21DPPOL3,POL 3,QD180629,Alisa,Gao
21DPPOL3,POL 3,QD180219,Shuding,Wang
21DPPOL3,POL 3,QD180128,Ada,Tantai
21DPPOL3,POL 3,QD180117,Michelle,Huang
21DPPOL3,POL 3,QD180512,Holly,Hu
21DPPOL3,POL 3,QD180419,Cisy,Guo
21DPPOL3,POL 3,QD180227,Jennifer,Gao
21DPPOL3,POL 3,QD180535,Anthony,Liu
21DPPOL3,POL 3,QD180129,Serena,Liang
21DPPOL3,POL 3,QD180609,Stuart,Zhan
21DPPOL3,POL 3,QD180104,Sam,Dong
21DPPOL3,POL 3,QD180305,Patric,Huang
21DPPOL3,POL 3,QD180527,Ron,Ren
21DPPOL3,POL 3,QD180430,Judy,Du
21DPPOL3,POL 3,QD180531,Lucy,Lin
21DPPOL3,POL 3,QD180220,Albert,Shen
21DPPOL3,POL 3,QD180424,Neil,Peng
21DPPOL3,POL 3,QD180312,Lyndsey,Lin
21DPPOL3,POL 3,QD180215,Yuki,Wu
21DPPOL3,POL 3,QD180520,Cleo,Zhang
