CourseId,Course Name,Student ID,First Name,Last Name
21DPECOHL1,ECO HL 1,QD180422,Andy,Zhou
21DPECOHL1,ECO HL 1,QD180317,Irene,Chen
21DPECOHL1,ECO HL 1,QD180611,Jessica,Chen
21DPECOHL1,ECO HL 1,QD180105,Neal,Wan
21DPECOHL1,ECO HL 1,QD180302,Jack,Wang
21DPECOHL1,ECO HL 1,QD180119,Claire,Luo
21DPECOHL1,ECO HL 1,QD180614,Sherry,Zhang
21DPECOHL1,ECO HL 1,QD180529,Elena,Wang
21DPECOHL1,ECO HL 1,QD180324,Edward,Hu
21DPECOHL1,ECO HL 1,QD180406,Michael,Jiang
21DPECOHL1,ECO HL 1,QD180421,James,Qu
21DPECOHL1,ECO HL 1,QD180535,Anthony,Liu
21DPECOHL1,ECO HL 1,QD180630,Cathy,Zhou
21DPECOHL1,ECO HL 1,QD180133,Jessica,Kim
21DPECOHL1,ECO HL 1,QD180307,Eric,Chen
21DPECOHL1,ECO HL 1,QD180310,Celeste,Wang
21DPECOHL1,ECO HL 1,QD180207,Jeff,Liu
