CourseId,Course Name,Student ID,First Name,Last Name
21DPARTSL|HL3,ART SL/HL 3,QD180501,Eason,Zhang
21DPARTSL|HL3,ART SL/HL 3,QD180331,Whitney,Zhang
21DPARTSL|HL3,ART SL/HL 3,QD180416,May,Wu
21DPARTSL|HL3,ART SL/HL 3,QD180530,Carla,Wang
21DPARTSL|HL3,ART SL/HL 3,QD180411,Gloria,Ge
21DPARTSL|HL3,ART SL/HL 3,QD180417,Julia,Jin
21DPARTSL|HL3,ART SL/HL 3,QD180130,Olivia,Zhong
21DPARTSL|HL3,ART SL/HL 3,QD180531,Lucy,Lin
21DPARTSL|HL3,ART SL/HL 3,QD180211,Eunice,Shen
21DPARTSL|HL3,ART SL/HL 3,QD180427,Maggie,Lin
