CourseId,Course Name,Student ID,First Name,Last Name
21DPENGASL1,ENG A SL 1,QD180311,Nancy,Wang
21DPENGASL1,ENG A SL 1,QD180625,Mike,Cheng
21DPENGASL1,ENG A SL 1,QD180502,Jason,Jiang
21DPENGASL1,ENG A SL 1,QD180618,Esther,Zhang
21DPENGASL1,ENG A SL 1,QD180226,Cheryl,Yang
21DPENGASL1,ENG A SL 1,QD180112,Charlotte,Xia
21DPENGASL1,ENG A SL 1,QD180204,Josh,Zhang
21DPENGASL1,ENG A SL 1,QD180410,Jenny,Yang
21DPENGASL1,ENG A SL 1,QD180123,Eric,Liu
21DPENGASL1,ENG A SL 1,QD180327,Katherine,Cheng
21DPENGASL1,ENG A SL 1,QD180220,Albert,Shen
21DPENGASL1,ENG A SL 1,QD180621,Boe,chen
21DPENGASL1,ENG A SL 1,QD180520,Cleo,Zhang
