CourseId,Course Name,Student ID,First Name,Last Name
21DPPHYSL1,PHY SL 1,QD180635,Florence,Zhao
21DPPHYSL1,PHY SL 1,QD180205,Tony,Dong
21DPPHYSL1,PHY SL 1,QD180302,Jack,Wang
21DPPHYSL1,PHY SL 1,QD180308,Jacky,Shen
21DPPHYSL1,PHY SL 1,QD180304,Jacky,Chen
21DPPHYSL1,PHY SL 1,QD180518,Olivia,He
21DPPHYSL1,PHY SL 1,QD180319,Feier,Chen
21DPPHYSL1,PHY SL 1,QD180615,Esther,Guo
21DPPHYSL1,PHY SL 1,QD180326,Roy,Wu
21DPPHYSL1,PHY SL 1,QD170120,Divina,Jiang
21DPPHYSL1,PHY SL 1,QD180305,Patric,Huang
21DPPHYSL1,PHY SL 1,QD180630,Cathy,Zhou
21DPPHYSL1,PHY SL 1,QD180527,Ron,Ren
21DPPHYSL1,PHY SL 1,QD180413,Elena,Li
21DPPHYSL1,PHY SL 1,QD180426,Yorick,Yu
21DPPHYSL1,PHY SL 1,QD180212,Yuri,Hua
21DPPHYSL1,PHY SL 1,QD180101,Eddie,Ni
