CourseId,Course Name,Student ID,First Name,Last Name
21DPCHNALLHL2,CHN ALL HL 2,QD180132,William,Yuan
21DPCHNALLHL2,CHN ALL HL 2,QD180311,Nancy,Wang
21DPCHNALLHL2,CHN ALL HL 2,QD180317,Irene,Chen
21DPCHNALLHL2,CHN ALL HL 2,QD180604,Justin,Mao
21DPCHNALLHL2,CHN ALL HL 2,QD180629,Alisa,Gao
21DPCHNALLHL2,CHN ALL HL 2,QD180416,May,Wu
21DPCHNALLHL2,CHN ALL HL 2,QD180330,Iris,Xu
21DPCHNALLHL2,CHN ALL HL 2,QD180614,Sherry,Zhang
21DPCHNALLHL2,CHN ALL HL 2,QD180628,Nicole,Wang
21DPCHNALLHL2,CHN ALL HL 2,QD180112,Charlotte,Xia
21DPCHNALLHL2,CHN ALL HL 2,QD180631,Nina,Song
21DPCHNALLHL2,CHN ALL HL 2,QD180407,Tim,Shu
21DPCHNALLHL2,CHN ALL HL 2,QD180326,Roy,Wu
21DPCHNALLHL2,CHN ALL HL 2,QD170120,Divina,Jiang
21DPCHNALLHL2,CHN ALL HL 2,QD180217,Serah,Zhou
21DPCHNALLHL2,CHN ALL HL 2,QD180230,Elena,Shao
21DPCHNALLHL2,CHN ALL HL 2,QD180511,Jenny,Hu
21DPCHNALLHL2,CHN ALL HL 2,QD180113,Luna,Xu
21DPCHNALLHL2,CHN ALL HL 2,QD180108,Jason,Zhang
