CourseId,Course Name,Student ID,First Name,Last Name
21DPCHNALLSL2,CHN ALL SL 2,QD180601,James,Fu
21DPCHNALLSL2,CHN ALL SL 2,QD180205,Tony,Dong
21DPCHNALLSL2,CHN ALL SL 2,QD180623,Barry,Pan
21DPCHNALLSL2,CHN ALL SL 2,QD180513,Jessica,Yin
21DPCHNALLSL2,CHN ALL SL 2,QD180302,Jack,Wang
21DPCHNALLSL2,CHN ALL SL 2,QD180128,Ada,Tantai
21DPCHNALLSL2,CHN ALL SL 2,QD180627,Sherry,Du
21DPCHNALLSL2,CHN ALL SL 2,QD180203,Albert,Xu
21DPCHNALLSL2,CHN ALL SL 2,QD180410,Jenny,Yang
21DPCHNALLSL2,CHN ALL SL 2,QD180411,Gloria,Ge
21DPCHNALLSL2,CHN ALL SL 2,QD180536,Oscar,Lin
21DPCHNALLSL2,CHN ALL SL 2,QD180107,Peter,Xu
21DPCHNALLSL2,CHN ALL SL 2,QD180420,Sylvia,Feng
21DPCHNALLSL2,CHN ALL SL 2,QD180507,Stanley,Wang
21DPCHNALLSL2,CHN ALL SL 2,QD180426,Yorick,Yu
21DPCHNALLSL2,CHN ALL SL 2,QD180101,Eddie,Ni
21DPCHNALLSL2,CHN ALL SL 2,QD180215,Yuki,Wu
