CourseId,Course Name,Student ID,First Name,Last Name
21DPMTHHL1,MTH HL 1,QD180106,William,Li
21DPMTHHL1,MTH HL 1,QD180206,Calvin,Zhao
21DPMTHHL1,MTH HL 1,QD180222,Leo,Mo
21DPMTHHL1,MTH HL 1,QD180526,William,Huang
21DPMTHHL1,MTH HL 1,QD180308,Jacky,Shen
21DPMTHHL1,MTH HL 1,QD180431,Cindy,Cheng
21DPMTHHL1,MTH HL 1,QD180404,Johnny,Chen
21DPMTHHL1,MTH HL 1,QD180403,Benson,Huang
21DPMTHHL1,MTH HL 1,QD180232,Katy,Yu
21DPMTHHL1,MTH HL 1,QD170120,Divina,Jiang
21DPMTHHL1,MTH HL 1,QD180634,Tommy,Hu
21DPMTHHL1,MTH HL 1,QD180609,Stuart,Zhan
21DPMTHHL1,MTH HL 1,QD180522,Marvin,Wu
21DPMTHHL1,MTH HL 1,QD180305,Patric,Huang
21DPMTHHL1,MTH HL 1,QD180209,Peter,Feng
21DPMTHHL1,MTH HL 1,QD180433,Antonio,李志行
21DPMTHHL1,MTH HL 1,QD180201,Jimmy,Lin
21DPMTHHL1,MTH HL 1,QD180508,David,Wang
21DPMTHHL1,MTH HL 1,QD180303,Felix,Zhu
21DPMTHHL1,MTH HL 1,QD180108,Jason,Zhang
