CourseId,Course Name,Student ID,First Name,Last Name
21DPCHMSL1,CHM SL 1,QD180422,Andy,Zhou
21DPCHMSL1,CHM SL 1,QD180608,Oscar,Xiang
21DPCHMSL1,CHM SL 1,QD180318,Louis,Sun
21DPCHMSL1,CHM SL 1,QD180301,Eric,Wu
21DPCHMSL1,CHM SL 1,QD180629,Alisa,Gao
21DPCHMSL1,CHM SL 1,QD180428,Adelaide,齐其格
21DPCHMSL1,CHM SL 1,QD180416,May,Wu
21DPCHMSL1,CHM SL 1,QD180614,Sherry,Zhang
21DPCHMSL1,CHM SL 1,QD180419,Cisy,Guo
21DPCHMSL1,CHM SL 1,QD180227,Jennifer,Gao
21DPCHMSL1,CHM SL 1,QD180406,Michael,Jiang
21DPCHMSL1,CHM SL 1,QD180609,Stuart,Zhan
21DPCHMSL1,CHM SL 1,QD180334,Annie,Sheng
21DPCHMSL1,CHM SL 1,QD180511,Jenny,Hu
21DPCHMSL1,CHM SL 1,QD180115,Emily,Hu
21DPCHMSL1,CHM SL 1,QD180515,Ariel,Zhao
21DPCHMSL1,CHM SL 1,QD180108,Jason,Zhang
21DPCHMSL1,CHM SL 1,QD180415,Aeris,Zou
