CourseId,Course Name,Student ID,First Name,Last Name
21DPTHTSL|HL,THT SL/HL,QD180611,Jessica,Chen
21DPTHTSL|HL,THT SL/HL,QD180602,Chase,Chen
21DPTHTSL|HL,THT SL/HL,QD180219,Shuding,Wang
21DPTHTSL|HL,THT SL/HL,QD180125,Gabriella,Zhu
21DPTHTSL|HL,THT SL/HL,QD180418,Nadine,Zhang
21DPTHTSL|HL,THT SL/HL,QD180114,Charlotte,Yao
21DPTHTSL|HL,THT SL/HL,QD180129,Serena,Liang
21DPTHTSL|HL,THT SL/HL,QD180113,Luna,Xu
21DPTHTSL|HL,THT SL/HL,QD180212,Yuri,Hua
21DPTHTSL|HL,THT SL/HL,QD180214,Dora,Li
21DPTHTSL|HL,THT SL/HL,QD180306,James,Wang
