CourseId,Course Name,Student ID,First Name,Last Name
21DPCHMHL3,CHM HL 3,QD180635,Florence,Zhao
21DPCHMHL3,CHM HL 3,QD180523,Eric,Wang
21DPCHMHL3,CHM HL 3,QD180513,Jessica,Yin
21DPCHMHL3,CHM HL 3,QD180412,Yvonne,Qiu
21DPCHMHL3,CHM HL 3,QD180119,Claire,Luo
21DPCHMHL3,CHM HL 3,QD180628,Nicole,Wang
21DPCHMHL3,CHM HL 3,QD180610,Amy,Pei
21DPCHMHL3,CHM HL 3,QD180618,Esther,Zhang
21DPCHMHL3,CHM HL 3,QD180528,Jennifer,Lin
21DPCHMHL3,CHM HL 3,QD180429,Amber,Xia
21DPCHMHL3,CHM HL 3,QD180204,Josh,Zhang
21DPCHMHL3,CHM HL 3,QD180532,Claire,Xia
21DPCHMHL3,CHM HL 3,QD180323,Leo,Zhao
21DPCHMHL3,CHM HL 3,QD180527,Ron,Ren
21DPCHMHL3,CHM HL 3,QD180612,Jessica,He
21DPCHMHL3,CHM HL 3,QD180220,Albert,Shen
21DPCHMHL3,CHM HL 3,QD180215,Yuki,Wu
