CourseId,Course Name,Student ID,First Name,Last Name
21DPTOK3,TOK 3,QD180501,Eason,Zhang
21DPTOK3,TOK 3,QD180635,Florence,Zhao
21DPTOK3,TOK 3,QD180608,Oscar,Xiang
21DPTOK3,TOK 3,QD180205,Tony,Dong
21DPTOK3,TOK 3,QD180302,Jack,Wang
21DPTOK3,TOK 3,QD180412,Yvonne,Qiu
21DPTOK3,TOK 3,QD180529,Elena,Wang
21DPTOK3,TOK 3,QD180232,Katy,Yu
21DPTOK3,TOK 3,QD180631,Nina,Song
21DPTOK3,TOK 3,QD180627,Sherry,Du
21DPTOK3,TOK 3,QD180326,Roy,Wu
21DPTOK3,TOK 3,QD180409,Daniel,Ni
21DPTOK3,TOK 3,QD180233,Frank,Song
21DPTOK3,TOK 3,QD180323,Leo,Zhao
21DPTOK3,TOK 3,QD180209,Peter,Feng
21DPTOK3,TOK 3,QD180426,Yorick,Yu
21DPTOK3,TOK 3,QD180322,Louis,Tian
21DPTOK3,TOK 3,QD180101,Eddie,Ni
21DPTOK3,TOK 3,QD180108,Jason,Zhang
