CourseId,Course Name,Student ID,First Name,Last Name
21DPHIS7,HIS 7,QD180501,Eason,Zhang
21DPHIS7,HIS 7,QD180122,Leo,Lu
21DPHIS7,HIS 7,QD180617,Zoey,Pei
21DPHIS7,HIS 7,QD180625,Mike,Cheng
21DPHIS7,HIS 7,QD180629,Alisa,Gao
21DPHIS7,HIS 7,QD180533,Lorna,Tang
21DPHIS7,HIS 7,QD180225,Victoria,Zhou
21DPHIS7,HIS 7,QD180512,Holly,Hu
21DPHIS7,HIS 7,QD180618,Esther,Zhang
21DPHIS7,HIS 7,QD180429,Amber,Xia
21DPHIS7,HIS 7,QD180606,Terry,Hu
21DPHIS7,HIS 7,QD180227,Jennifer,Gao
21DPHIS7,HIS 7,QD180626,Noyes,Zhang
21DPHIS7,HIS 7,QD180130,Olivia,Zhong
21DPHIS7,HIS 7,QD180527,Ron,Ren
21DPHIS7,HIS 7,QD180507,Stanley,Wang
21DPHIS7,HIS 7,QD180327,Katherine,Cheng
21DPHIS7,HIS 7,QD180113,Luna,Xu
21DPHIS7,HIS 7,QD180621,Boe,chen
21DPHIS7,HIS 7,QD180515,Ariel,Zhao
21DPHIS7,HIS 7,QD180306,James,Wang
21DPHIS7,HIS 7,QD180520,Cleo,Zhang
