CourseId,Course Name,Student ID,First Name,Last Name
21DPENGBHL3,ENG B HL 3,QD180314,Yuki,Li
21DPENGBHL3,ENG B HL 3,QD180401,Alan,Li
21DPENGBHL3,ENG B HL 3,QD180228,Cissy,Lin
21DPENGBHL3,ENG B HL 3,QD180222,Leo,Mo
21DPENGBHL3,ENG B HL 3,QD180431,Cindy,Cheng
21DPENGBHL3,ENG B HL 3,QD180119,Claire,Luo
21DPENGBHL3,ENG B HL 3,QD180125,Gabriella,Zhu
21DPENGBHL3,ENG B HL 3,QD180628,Nicole,Wang
21DPENGBHL3,ENG B HL 3,QD180404,Johnny,Chen
21DPENGBHL3,ENG B HL 3,QD180530,Carla,Wang
21DPENGBHL3,ENG B HL 3,QD180217,Serah,Zhou
21DPENGBHL3,ENG B HL 3,QD180417,Julia,Jin
21DPENGBHL3,ENG B HL 3,QD180107,Peter,Xu
21DPENGBHL3,ENG B HL 3,QD180632,Christine,Gao
21DPENGBHL3,ENG B HL 3,QD180131,Mary,Yu
21DPENGBHL3,ENG B HL 3,QD180306,James,Wang
21DPENGBHL3,ENG B HL 3,QD180427,Maggie,Lin
