CourseId,Course Name,Student ID,First Name,Last Name
21DPTOK2,TOK 2,QD180313,Claudia,Yang
21DPTOK2,TOK 2,QD180619,Shirley,Chen
21DPTOK2,TOK 2,QD180617,Zoey,Pei
21DPTOK2,TOK 2,QD180525,Charlie,Chai
21DPTOK2,TOK 2,QD180625,Mike,Cheng
21DPTOK2,TOK 2,QD180629,Alisa,Gao
21DPTOK2,TOK 2,QD180416,May,Wu
21DPTOK2,TOK 2,QD180610,Amy,Pei
21DPTOK2,TOK 2,QD180530,Carla,Wang
21DPTOK2,TOK 2,QD180419,Cisy,Guo
21DPTOK2,TOK 2,QD180227,Jennifer,Gao
21DPTOK2,TOK 2,QD180634,Tommy,Hu
21DPTOK2,TOK 2,QD180334,Annie,Sheng
21DPTOK2,TOK 2,QD180509,Tony,Ye
21DPTOK2,TOK 2,QD180527,Ron,Ren
21DPTOK2,TOK 2,QD180420,Sylvia,Feng
21DPTOK2,TOK 2,QD180220,Albert,Shen
21DPTOK2,TOK 2,QD180312,Lyndsey,Lin
21DPTOK2,TOK 2,QD180102,Jack,Luo
21DPTOK2,TOK 2,QD180223,Jonathan,Xu
