CourseId,Course Name,Student ID,First Name,Last Name
21DPBIOSL2,BIO SL 2,QD180313,Claudia,Yang
21DPBIOSL2,BIO SL 2,QD180234,Natascha,Lu
21DPBIOSL2,BIO SL 2,QD180309,Sean,Gu
21DPBIOSL2,BIO SL 2,QD180222,Leo,Mo
21DPBIOSL2,BIO SL 2,QD180533,Lorna,Tang
21DPBIOSL2,BIO SL 2,QD180330,Iris,Xu
21DPBIOSL2,BIO SL 2,QD180225,Victoria,Zhou
21DPBIOSL2,BIO SL 2,QD180614,Sherry,Zhang
21DPBIOSL2,BIO SL 2,QD180403,Benson,Huang
21DPBIOSL2,BIO SL 2,QD170120,Divina,Jiang
21DPBIOSL2,BIO SL 2,QD180217,Serah,Zhou
21DPBIOSL2,BIO SL 2,QD180107,Peter,Xu
21DPBIOSL2,BIO SL 2,QD180632,Christine,Gao
21DPBIOSL2,BIO SL 2,QD180131,Mary,Yu
21DPBIOSL2,BIO SL 2,QD180613,Leah,Liu
21DPBIOSL2,BIO SL 2,QD180312,Lyndsey,Lin
