CourseId,Course Name,Student ID,First Name,Last Name
21DPTOK6,TOK 6,QD180534,Icey,Cheng
21DPTOK6,TOK 6,QD180301,Eric,Wu
21DPTOK6,TOK 6,QD180513,Jessica,Yin
21DPTOK6,TOK 6,QD180602,Chase,Chen
21DPTOK6,TOK 6,QD180119,Claire,Luo
21DPTOK6,TOK 6,QD180330,Iris,Xu
21DPTOK6,TOK 6,QD180618,Esther,Zhang
21DPTOK6,TOK 6,QD180112,Charlotte,Xia
21DPTOK6,TOK 6,QD180407,Tim,Shu
21DPTOK6,TOK 6,QD180217,Serah,Zhou
21DPTOK6,TOK 6,QD180118,Christina,Zhao
21DPTOK6,TOK 6,QD180607,Ethan,Zhang
21DPTOK6,TOK 6,QD180603,Nick,Ye
21DPTOK6,TOK 6,QD180113,Luna,Xu
21DPTOK6,TOK 6,QD180210,Angela,Mao
21DPTOK6,TOK 6,QD180504,Arthur,Li
21DPTOK6,TOK 6,QD180316,Daisy,Gui
