CourseId,Course Name,Student ID,First Name,Last Name
21DPCHMHL1,CHM HL 1,QD180309,Sean,Gu
21DPCHMHL1,CHM HL 1,QD180623,Barry,Pan
21DPCHMHL1,CHM HL 1,QD180510,Shirley,Zhang
21DPCHMHL1,CHM HL 1,QD180128,Ada,Tantai
21DPCHMHL1,CHM HL 1,QD180518,Olivia,He
21DPCHMHL1,CHM HL 1,QD180533,Lorna,Tang
21DPCHMHL1,CHM HL 1,QD180117,Michelle,Huang
21DPCHMHL1,CHM HL 1,QD180403,Benson,Huang
21DPCHMHL1,CHM HL 1,QD180226,Cheryl,Yang
21DPCHMHL1,CHM HL 1,QD180517,Renae,Chen
21DPCHMHL1,CHM HL 1,QD180417,Julia,Jin
21DPCHMHL1,CHM HL 1,QD180516,Carol,Zhu
21DPCHMHL1,CHM HL 1,QD180209,Peter,Feng
21DPCHMHL1,CHM HL 1,QD180322,Louis,Tian
21DPCHMHL1,CHM HL 1,QD180603,Nick,Ye
21DPCHMHL1,CHM HL 1,QD180101,Eddie,Ni
21DPCHMHL1,CHM HL 1,QD180231,Ellie,Li
21DPCHMHL1,CHM HL 1,QD180316,Daisy,Gui
21DPCHMHL1,CHM HL 1,QD180520,Cleo,Zhang
