CourseId,Course Name,Student ID,First Name,Last Name
21DPBIOHL,BIO HL,QD180311,Nancy,Wang
21DPBIOHL,BIO HL,QD180617,Zoey,Pei
21DPBIOHL,BIO HL,QD180534,Icey,Cheng
21DPBIOHL,BIO HL,QD180331,Whitney,Zhang
21DPBIOHL,BIO HL,QD180526,William,Huang
21DPBIOHL,BIO HL,QD180513,Jessica,Yin
21DPBIOHL,BIO HL,QD180618,Esther,Zhang
21DPBIOHL,BIO HL,QD180226,Cheryl,Yang
21DPBIOHL,BIO HL,QD180112,Charlotte,Xia
21DPBIOHL,BIO HL,QD180514,Kelly,Wu
21DPBIOHL,BIO HL,QD180204,Josh,Zhang
21DPBIOHL,BIO HL,QD180410,Jenny,Yang
21DPBIOHL,BIO HL,QD180118,Christina,Zhao
21DPBIOHL,BIO HL,QD180116,Amy,Hua
21DPBIOHL,BIO HL,QD180133,Jessica,Kim
21DPBIOHL,BIO HL,QD180113,Luna,Xu
21DPBIOHL,BIO HL,QD180432,Elaine,Li
21DPBIOHL,BIO HL,QD180201,Jimmy,Lin
21DPBIOHL,BIO HL,QD180214,Dora,Li
21DPBIOHL,BIO HL,QD180207,Jeff,Liu
21DPBIOHL,BIO HL,QD180423,Christopher,Ge
21DPBIOHL,BIO HL,QD180223,Jonathan,Xu
