CourseId,Course Name,Student ID,First Name,Last Name
21DPCMSSL,CMS SL,QD180106,William,Li
21DPCMSSL,CMS SL,QD180122,Leo,Lu
21DPCMSSL,CMS SL,QD180503,Eric,Sun
21DPCMSSL,CMS SL,QD180218,Isabella,Jin
21DPCMSSL,CMS SL,QD180404,Johnny,Chen
21DPCMSSL,CMS SL,QD180324,Edward,Hu
21DPCMSSL,CMS SL,QD180535,Anthony,Liu
21DPCMSSL,CMS SL,QD180521,Jeff,Sun
21DPCMSSL,CMS SL,QD180522,Marvin,Wu
21DPCMSSL,CMS SL,QD180104,Sam,Dong
21DPCMSSL,CMS SL,QD180305,Patric,Huang
21DPCMSSL,CMS SL,QD180321,Nick,Shen
21DPCMSSL,CMS SL,QD180310,Celeste,Wang
21DPCMSSL,CMS SL,QD180508,David,Wang
21DPCMSSL,CMS SL,QD180504,Arthur,Li
21DPCMSSL,CMS SL,QD180303,Felix,Zhu
21DPCMSSL,CMS SL,QD180223,Jonathan,Xu
