CourseId,Course Name,Student ID,First Name,Last Name
21DPPOL5,POL 5,QD180313,Claudia,Yang
21DPPOL5,POL 5,QD180401,Alan,Li
21DPPOL5,POL 5,QD180525,Charlie,Chai
21DPPOL5,POL 5,QD180526,William,Huang
21DPPOL5,POL 5,QD180431,Cindy,Cheng
21DPPOL5,POL 5,QD180502,Jason,Jiang
21DPPOL5,POL 5,QD180404,Johnny,Chen
21DPPOL5,POL 5,QD180407,Tim,Shu
21DPPOL5,POL 5,QD170120,Divina,Jiang
21DPPOL5,POL 5,QD180217,Serah,Zhou
21DPPOL5,POL 5,QD180409,Daniel,Ni
21DPPOL5,POL 5,QD180509,Tony,Ye
21DPPOL5,POL 5,QD180133,Jessica,Kim
21DPPOL5,POL 5,QD180131,Mary,Yu
21DPPOL5,POL 5,QD180310,Celeste,Wang
21DPPOL5,POL 5,QD180207,Jeff,Liu
21DPPOL5,POL 5,QD180102,Jack,Luo
