CourseId,Course Name,Student ID,First Name,Last Name
21DPECOSL1,ECO SL 1,QD180501,Eason,Zhang
21DPECOSL1,ECO SL 1,QD180401,Alan,Li
21DPECOSL1,ECO SL 1,QD180635,Florence,Zhao
21DPECOSL1,ECO SL 1,QD180608,Oscar,Xiang
21DPECOSL1,ECO SL 1,QD180523,Eric,Wang
21DPECOSL1,ECO SL 1,QD180205,Tony,Dong
21DPECOSL1,ECO SL 1,QD180625,Mike,Cheng
21DPECOSL1,ECO SL 1,QD180416,May,Wu
21DPECOSL1,ECO SL 1,QD180530,Carla,Wang
21DPECOSL1,ECO SL 1,QD180514,Kelly,Wu
21DPECOSL1,ECO SL 1,QD180204,Josh,Zhang
21DPECOSL1,ECO SL 1,QD180334,Annie,Sheng
21DPECOSL1,ECO SL 1,QD180532,Claire,Xia
21DPECOSL1,ECO SL 1,QD180527,Ron,Ren
21DPECOSL1,ECO SL 1,QD180612,Jessica,He
21DPECOSL1,ECO SL 1,QD180220,Albert,Shen
21DPECOSL1,ECO SL 1,QD180201,Jimmy,Lin
21DPECOSL1,ECO SL 1,QD180504,Arthur,Li
21DPECOSL1,ECO SL 1,QD180223,Jonathan,Xu
