CourseId,Course Name,Student ID,First Name,Last Name
21DPENGBHL2,ENG B HL 2,QD180318,Louis,Sun
21DPENGBHL2,ENG B HL 2,QD180301,Eric,Wu
21DPENGBHL2,ENG B HL 2,QD180331,Whitney,Zhang
21DPENGBHL2,ENG B HL 2,QD180218,Isabella,Jin
21DPENGBHL2,ENG B HL 2,QD180219,Shuding,Wang
21DPENGBHL2,ENG B HL 2,QD180128,Ada,Tantai
21DPENGBHL2,ENG B HL 2,QD180518,Olivia,He
21DPENGBHL2,ENG B HL 2,QD180414,Sarah,Zhu
21DPENGBHL2,ENG B HL 2,QD180411,Gloria,Ge
21DPENGBHL2,ENG B HL 2,QD180430,Judy,Du
21DPENGBHL2,ENG B HL 2,QD180612,Jessica,He
21DPENGBHL2,ENG B HL 2,QD180115,Emily,Hu
21DPENGBHL2,ENG B HL 2,QD180423,Christopher,Ge
