CourseId,Course Name,Student ID,First Name,Last Name
21DPPOL1,POL 1,QD180601,James,Fu
21DPPOL1,POL 1,QD180635,Florence,Zhao
21DPPOL1,POL 1,QD180534,Icey,Cheng
21DPPOL1,POL 1,QD180620,Brady,Ding
21DPPOL1,POL 1,QD180510,Shirley,Zhang
21DPPOL1,POL 1,QD180412,Yvonne,Qiu
21DPPOL1,POL 1,QD180125,Gabriella,Zhu
21DPPOL1,POL 1,QD180610,Amy,Pei
21DPPOL1,POL 1,QD180226,Cheryl,Yang
21DPPOL1,POL 1,QD180112,Charlotte,Xia
21DPPOL1,POL 1,QD180631,Nina,Song
21DPPOL1,POL 1,QD180204,Josh,Zhang
21DPPOL1,POL 1,QD180417,Julia,Jin
21DPPOL1,POL 1,QD180402,Jay,Yu
21DPPOL1,POL 1,QD180116,Amy,Hua
21DPPOL1,POL 1,QD180413,Elena,Li
21DPPOL1,POL 1,QD180603,Nick,Ye
21DPPOL1,POL 1,QD180211,Eunice,Shen
21DPPOL1,POL 1,QD180432,Elaine,Li
21DPPOL1,POL 1,QD180613,Leah,Liu
21DPPOL1,POL 1,QD180316,Daisy,Gui
21DPPOL1,POL 1,QD180427,Maggie,Lin
