CourseId,Course Name,Student ID,First Name,Last Name
21DPPOL6,POL 6,QD180422,Andy,Zhou
21DPPOL6,POL 6,QD180106,William,Li
21DPPOL6,POL 6,QD180206,Calvin,Zhao
21DPPOL6,POL 6,QD180604,Justin,Mao
21DPPOL6,POL 6,QD180318,Louis,Sun
21DPPOL6,POL 6,QD180228,Cissy,Lin
21DPPOL6,POL 6,QD180503,Eric,Sun
21DPPOL6,POL 6,QD180623,Barry,Pan
21DPPOL6,POL 6,QD180218,Isabella,Jin
21DPPOL6,POL 6,QD180428,Adelaide,齐其格
21DPPOL6,POL 6,QD180320,Promise,Xu
21DPPOL6,POL 6,QD180216,Helena,Lin
21DPPOL6,POL 6,QD180416,May,Wu
21DPPOL6,POL 6,QD180529,Elena,Wang
21DPPOL6,POL 6,QD180403,Benson,Huang
21DPPOL6,POL 6,QD180324,Edward,Hu
21DPPOL6,POL 6,QD180606,Terry,Hu
21DPPOL6,POL 6,QD180319,Feier,Chen
21DPPOL6,POL 6,QD180615,Esther,Guo
21DPPOL6,POL 6,QD180517,Renae,Chen
21DPPOL6,POL 6,QD180123,Eric,Liu
21DPPOL6,POL 6,QD180130,Olivia,Zhong
21DPPOL6,POL 6,QD180522,Marvin,Wu
21DPPOL6,POL 6,QD180323,Leo,Zhao
21DPPOL6,POL 6,QD180230,Elena,Shao
21DPPOL6,POL 6,QD180420,Sylvia,Feng
21DPPOL6,POL 6,QD180322,Louis,Tian
21DPPOL6,POL 6,QD180612,Jessica,He
21DPPOL6,POL 6,QD180433,Antonio,李志行
21DPPOL6,POL 6,QD180508,David,Wang
21DPPOL6,POL 6,QD180423,Christopher,Ge
