CourseId,Course Name,Student ID,First Name,Last Name
21DPCHNALHL1,CHN AL HL 1,QD180309,Sean,Gu
21DPCHNALHL1,CHN AL HL 1,QD180525,Charlie,Chai
21DPCHNALHL1,CHN AL HL 1,QD180105,Neal,Wan
21DPCHNALHL1,CHN AL HL 1,QD180218,Isabella,Jin
21DPCHNALHL1,CHN AL HL 1,QD180418,Nadine,Zhang
21DPCHNALHL1,CHN AL HL 1,QD180610,Amy,Pei
21DPCHNALHL1,CHN AL HL 1,QD180606,Terry,Hu
21DPCHNALHL1,CHN AL HL 1,QD180414,Sarah,Zhu
21DPCHNALHL1,CHN AL HL 1,QD180130,Olivia,Zhong
21DPCHNALHL1,CHN AL HL 1,QD180612,Jessica,He
21DPCHNALHL1,CHN AL HL 1,QD180327,Katherine,Cheng
21DPCHNALHL1,CHN AL HL 1,QD180211,Eunice,Shen
21DPCHNALHL1,CHN AL HL 1,QD180519,Jenny,Zhu
21DPCHNALHL1,CHN AL HL 1,QD180504,Arthur,Li
21DPCHNALHL1,CHN AL HL 1,QD180231,Ellie,Li
21DPCHNALHL1,CHN AL HL 1,QD180102,Jack,Luo
