CourseId,Course Name,Student ID,First Name,Last Name
21DPECOSL2,ECO SL 2,QD180601,James,Fu
21DPECOSL2,ECO SL 2,QD180616,Sabrina,Tang
21DPECOSL2,ECO SL 2,QD180206,Calvin,Zhao
21DPECOSL2,ECO SL 2,QD180604,Justin,Mao
21DPECOSL2,ECO SL 2,QD180222,Leo,Mo
21DPECOSL2,ECO SL 2,QD180510,Shirley,Zhang
21DPECOSL2,ECO SL 2,QD180128,Ada,Tantai
21DPECOSL2,ECO SL 2,QD180403,Benson,Huang
21DPECOSL2,ECO SL 2,QD180411,Gloria,Ge
21DPECOSL2,ECO SL 2,QD180425,Alex,Yao
21DPECOSL2,ECO SL 2,QD180217,Serah,Zhou
21DPECOSL2,ECO SL 2,QD180123,Eric,Liu
21DPECOSL2,ECO SL 2,QD180522,Marvin,Wu
21DPECOSL2,ECO SL 2,QD180607,Ethan,Zhang
21DPECOSL2,ECO SL 2,QD180209,Peter,Feng
21DPECOSL2,ECO SL 2,QD180621,Boe,chen
21DPECOSL2,ECO SL 2,QD180508,David,Wang
21DPECOSL2,ECO SL 2,QD180231,Ellie,Li
