CourseId,Course Name,Student ID,First Name,Last Name
21DPCHNALSL2,CHN AL SL 2,QD180329,Stella,Jiang
21DPCHNALSL2,CHN AL SL 2,QD180222,Leo,Mo
21DPCHNALSL2,CHN AL SL 2,QD180320,Promise,Xu
21DPCHNALSL2,CHN AL SL 2,QD180119,Claire,Luo
21DPCHNALSL2,CHN AL SL 2,QD180208,Eddie,Wang
21DPCHNALSL2,CHN AL SL 2,QD180129,Serena,Liang
21DPCHNALSL2,CHN AL SL 2,QD180123,Eric,Liu
21DPCHNALSL2,CHN AL SL 2,QD180609,Stuart,Zhan
21DPCHNALSL2,CHN AL SL 2,QD180607,Ethan,Zhang
21DPCHNALSL2,CHN AL SL 2,QD180433,Antonio,李志行
21DPCHNALSL2,CHN AL SL 2,QD180201,Jimmy,Lin
21DPCHNALSL2,CHN AL SL 2,QD180621,Boe,chen
21DPCHNALSL2,CHN AL SL 2,QD180213,Jessica,Yang
