CourseId,Course Name,Student ID,First Name,Last Name
21DPCHNALLSL3,CHN ALL SL 3,QD180314,Yuki,Li
21DPCHNALLSL3,CHN ALL SL 3,QD180401,Alan,Li
21DPCHNALLSL3,CHN ALL SL 3,QD180206,Calvin,Zhao
21DPCHNALLSL3,CHN ALL SL 3,QD180526,William,Huang
21DPCHNALLSL3,CHN ALL SL 3,QD180510,Shirley,Zhang
21DPCHNALLSL3,CHN ALL SL 3,QD180308,Jacky,Shen
21DPCHNALLSL3,CHN ALL SL 3,QD180408,Eason,Xiong
21DPCHNALLSL3,CHN ALL SL 3,QD180226,Cheryl,Yang
21DPCHNALLSL3,CHN ALL SL 3,QD180406,Michael,Jiang
21DPCHNALLSL3,CHN ALL SL 3,QD180421,James,Qu
21DPCHNALLSL3,CHN ALL SL 3,QD180425,Alex,Yao
21DPCHNALLSL3,CHN ALL SL 3,QD180509,Tony,Ye
21DPCHNALLSL3,CHN ALL SL 3,QD180305,Patric,Huang
21DPCHNALLSL3,CHN ALL SL 3,QD180133,Jessica,Kim
21DPCHNALLSL3,CHN ALL SL 3,QD180321,Nick,Shen
21DPCHNALLSL3,CHN ALL SL 3,QD180432,Elaine,Li
21DPCHNALLSL3,CHN ALL SL 3,QD180316,Daisy,Gui
21DPCHNALLSL3,CHN ALL SL 3,QD180423,Christopher,Ge
