CourseId,Course Name,Student ID,First Name,Last Name
21DPBIOSL1,BIO SL 1,QD180501,Eason,Zhang
21DPBIOSL1,BIO SL 1,QD180629,Alisa,Gao
21DPBIOSL1,BIO SL 1,QD180216,Helena,Lin
21DPBIOSL1,BIO SL 1,QD180412,Yvonne,Qiu
21DPBIOSL1,BIO SL 1,QD180117,Michelle,Huang
21DPBIOSL1,BIO SL 1,QD180125,Gabriella,Zhu
21DPBIOSL1,BIO SL 1,QD180512,Holly,Hu
21DPBIOSL1,BIO SL 1,QD180418,Nadine,Zhang
21DPBIOSL1,BIO SL 1,QD180610,Amy,Pei
21DPBIOSL1,BIO SL 1,QD180227,Jennifer,Gao
21DPBIOSL1,BIO SL 1,QD180425,Alex,Yao
21DPBIOSL1,BIO SL 1,QD180516,Carol,Zhu
21DPBIOSL1,BIO SL 1,QD180509,Tony,Ye
21DPBIOSL1,BIO SL 1,QD180322,Louis,Tian
21DPBIOSL1,BIO SL 1,QD180515,Ariel,Zhao
21DPBIOSL1,BIO SL 1,QD180306,James,Wang
21DPBIOSL1,BIO SL 1,QD180427,Maggie,Lin
