CourseId,Course Name,Student ID,First Name,Last Name
21DPHIS4,HIS 4,QD180106,William,Li
21DPHIS4,HIS 4,QD180611,Jessica,Chen
21DPHIS4,HIS 4,QD180228,Cissy,Lin
21DPHIS4,HIS 4,QD180503,Eric,Sun
21DPHIS4,HIS 4,QD180331,Whitney,Zhang
21DPHIS4,HIS 4,QD180513,Jessica,Yin
21DPHIS4,HIS 4,QD180320,Promise,Xu
21DPHIS4,HIS 4,QD180119,Claire,Luo
21DPHIS4,HIS 4,QD180529,Elena,Wang
21DPHIS4,HIS 4,QD180530,Carla,Wang
21DPHIS4,HIS 4,QD180414,Sarah,Zhu
21DPHIS4,HIS 4,QD180203,Albert,Xu
21DPHIS4,HIS 4,QD180411,Gloria,Ge
21DPHIS4,HIS 4,QD180417,Julia,Jin
21DPHIS4,HIS 4,QD180521,Jeff,Sun
21DPHIS4,HIS 4,QD180104,Sam,Dong
21DPHIS4,HIS 4,QD180607,Ethan,Zhang
21DPHIS4,HIS 4,QD180420,Sylvia,Feng
21DPHIS4,HIS 4,QD180426,Yorick,Yu
21DPHIS4,HIS 4,QD180433,Antonio,李志行
21DPHIS4,HIS 4,QD180201,Jimmy,Lin
21DPHIS4,HIS 4,QD180214,Dora,Li
