CourseId,Course Name,Student ID,First Name,Last Name
21DPENGBHL5,ENG B HL 5,QD180501,Eason,Zhang
21DPENGBHL5,ENG B HL 5,QD180234,Natascha,Lu
21DPENGBHL5,ENG B HL 5,QD180635,Florence,Zhao
21DPENGBHL5,ENG B HL 5,QD180510,Shirley,Zhang
21DPENGBHL5,ENG B HL 5,QD180308,Jacky,Shen
21DPENGBHL5,ENG B HL 5,QD180610,Amy,Pei
21DPENGBHL5,ENG B HL 5,QD180403,Benson,Huang
21DPENGBHL5,ENG B HL 5,QD180408,Eason,Xiong
21DPENGBHL5,ENG B HL 5,QD180419,Cisy,Guo
21DPENGBHL5,ENG B HL 5,QD180615,Esther,Guo
21DPENGBHL5,ENG B HL 5,QD180227,Jennifer,Gao
21DPENGBHL5,ENG B HL 5,QD180425,Alex,Yao
21DPENGBHL5,ENG B HL 5,QD180532,Claire,Xia
21DPENGBHL5,ENG B HL 5,QD180630,Cathy,Zhou
21DPENGBHL5,ENG B HL 5,QD180527,Ron,Ren
21DPENGBHL5,ENG B HL 5,QD180413,Elena,Li
21DPENGBHL5,ENG B HL 5,QD180603,Nick,Ye
21DPENGBHL5,ENG B HL 5,QD180307,Eric,Chen
21DPENGBHL5,ENG B HL 5,QD180212,Yuri,Hua
21DPENGBHL5,ENG B HL 5,QD180613,Leah,Liu
21DPENGBHL5,ENG B HL 5,QD180312,Lyndsey,Lin
21DPENGBHL5,ENG B HL 5,QD180231,Ellie,Li
21DPENGBHL5,ENG B HL 5,QD180316,Daisy,Gui
