CourseId,Course Name,Student ID,First Name,Last Name
21DPECOHL3,ECO HL 3,QD180313,Claudia,Yang
21DPECOHL3,ECO HL 3,QD180318,Louis,Sun
21DPECOHL3,ECO HL 3,QD180304,Jacky,Chen
21DPECOHL3,ECO HL 3,QD180518,Olivia,He
21DPECOHL3,ECO HL 3,QD180412,Yvonne,Qiu
21DPECOHL3,ECO HL 3,QD180431,Cindy,Cheng
21DPECOHL3,ECO HL 3,QD180117,Michelle,Huang
21DPECOHL3,ECO HL 3,QD180418,Nadine,Zhang
21DPECOHL3,ECO HL 3,QD180618,Esther,Zhang
21DPECOHL3,ECO HL 3,QD180319,Feier,Chen
21DPECOHL3,ECO HL 3,QD180517,Renae,Chen
21DPECOHL3,ECO HL 3,QD180402,Jay,Yu
21DPECOHL3,ECO HL 3,QD180516,Carol,Zhu
21DPECOHL3,ECO HL 3,QD180409,Daniel,Ni
21DPECOHL3,ECO HL 3,QD180632,Christine,Gao
21DPECOHL3,ECO HL 3,QD180322,Louis,Tian
21DPECOHL3,ECO HL 3,QD180424,Neil,Peng
21DPECOHL3,ECO HL 3,QD180210,Angela,Mao
21DPECOHL3,ECO HL 3,QD180127,Julie,Zhang
21DPECOHL3,ECO HL 3,QD180520,Cleo,Zhang
