CourseId,Course Name,Student ID,First Name,Last Name
21DPTOK8,TOK 8,QD180422,Andy,Zhou
21DPTOK8,TOK 8,QD180122,Leo,Lu
21DPTOK8,TOK 8,QD180206,Calvin,Zhao
21DPTOK8,TOK 8,QD180620,Brady,Ding
21DPTOK8,TOK 8,QD180623,Barry,Pan
21DPTOK8,TOK 8,QD180526,William,Huang
21DPTOK8,TOK 8,QD180128,Ada,Tantai
21DPTOK8,TOK 8,QD180216,Helena,Lin
21DPTOK8,TOK 8,QD180404,Johnny,Chen
21DPTOK8,TOK 8,QD180208,Eddie,Wang
21DPTOK8,TOK 8,QD180429,Amber,Xia
21DPTOK8,TOK 8,QD180204,Josh,Zhang
21DPTOK8,TOK 8,QD180535,Anthony,Liu
21DPTOK8,TOK 8,QD180129,Serena,Liang
21DPTOK8,TOK 8,QD180130,Olivia,Zhong
21DPTOK8,TOK 8,QD180522,Marvin,Wu
21DPTOK8,TOK 8,QD180116,Amy,Hua
21DPTOK8,TOK 8,QD180321,Nick,Shen
21DPTOK8,TOK 8,QD180211,Eunice,Shen
21DPTOK8,TOK 8,QD180115,Emily,Hu
21DPTOK8,TOK 8,QD180508,David,Wang
21DPTOK8,TOK 8,QD180303,Felix,Zhu
21DPTOK8,TOK 8,QD180427,Maggie,Lin
