CourseId,Course Name,Student ID,First Name,Last Name
21DPHIS8,HIS 8,QD180401,Alan,Li
21DPHIS8,HIS 8,QD180534,Icey,Cheng
21DPHIS8,HIS 8,QD180317,Irene,Chen
21DPHIS8,HIS 8,QD180205,Tony,Dong
21DPHIS8,HIS 8,QD180105,Neal,Wan
21DPHIS8,HIS 8,QD180302,Jack,Wang
21DPHIS8,HIS 8,QD180412,Yvonne,Qiu
21DPHIS8,HIS 8,QD180125,Gabriella,Zhu
21DPHIS8,HIS 8,QD180112,Charlotte,Xia
21DPHIS8,HIS 8,QD180114,Charlotte,Yao
21DPHIS8,HIS 8,QD180407,Tim,Shu
21DPHIS8,HIS 8,QD180204,Josh,Zhang
21DPHIS8,HIS 8,QD180118,Christina,Zhao
21DPHIS8,HIS 8,QD180116,Amy,Hua
21DPHIS8,HIS 8,QD180133,Jessica,Kim
21DPHIS8,HIS 8,QD180531,Lucy,Lin
21DPHIS8,HIS 8,QD180424,Neil,Peng
21DPHIS8,HIS 8,QD180504,Arthur,Li
21DPHIS8,HIS 8,QD180423,Christopher,Ge
21DPHIS8,HIS 8,QD180213,Jessica,Yang
