CourseId,Course Name,Student ID,First Name,Last Name
21DPHIS6,HIS 6,QD180311,Nancy,Wang
21DPHIS6,HIS 6,QD180314,Yuki,Li
21DPHIS6,HIS 6,QD180601,James,Fu
21DPHIS6,HIS 6,QD180616,Sabrina,Tang
21DPHIS6,HIS 6,QD180525,Charlie,Chai
21DPHIS6,HIS 6,QD180222,Leo,Mo
21DPHIS6,HIS 6,QD180308,Jacky,Shen
21DPHIS6,HIS 6,QD180518,Olivia,He
21DPHIS6,HIS 6,QD180502,Jason,Jiang
21DPHIS6,HIS 6,QD180614,Sherry,Zhang
21DPHIS6,HIS 6,QD180404,Johnny,Chen
21DPHIS6,HIS 6,QD180610,Amy,Pei
21DPHIS6,HIS 6,QD180232,Katy,Yu
21DPHIS6,HIS 6,QD180631,Nina,Song
21DPHIS6,HIS 6,QD180326,Roy,Wu
21DPHIS6,HIS 6,QD170120,Divina,Jiang
21DPHIS6,HIS 6,QD180536,Oscar,Lin
21DPHIS6,HIS 6,QD180402,Jay,Yu
21DPHIS6,HIS 6,QD180516,Carol,Zhu
21DPHIS6,HIS 6,QD180107,Peter,Xu
21DPHIS6,HIS 6,QD180630,Cathy,Zhou
21DPHIS6,HIS 6,QD180209,Peter,Feng
21DPHIS6,HIS 6,QD180321,Nick,Shen
21DPHIS6,HIS 6,QD180413,Elena,Li
21DPHIS6,HIS 6,QD180131,Mary,Yu
21DPHIS6,HIS 6,QD180211,Eunice,Shen
21DPHIS6,HIS 6,QD180108,Jason,Zhang
21DPHIS6,HIS 6,QD180102,Jack,Luo
