Batch,CourseId,Course Code,Course Name,Type,Block,Session,Size
21DPHISSL,G11,HIS SL,History,SL,F,P3,11,
21DPPHYHL1,G11,PHY HL 1,Physics,HL,B,P13,21,
21DPPHYHL2,G11,PHY HL 2,Physics,HL,D,P12,14,
21DPARTSL|HL1,G11,ART SL/HL 1,Visual Art,BOTH,B,P6,9,
21DPARTSL|HL3,G11,ART SL/HL 3,Visual Art,BOTH,E,P1,10,
21DPARTSL|HL2,G11,ART SL/HL 2,Visual Art,BOTH,A,P6,10,
21DPECOHL2,G11,ECO HL 2,Economics,HL,B,P11,20,
21DPECOHL1,G11,ECO HL 1,Economics,HL,A,P11,17,
21DPECOHL4,G11,ECO HL 4,Economics,HL,E,P11,17,
21DPECOHL3,G11,ECO HL 3,Economics,HL,D,P11,20,
21DPESSSL1,G11,ESS SL 1,ESS,SL,B,P3,13,
21DPESSSL2,G11,ESS SL 2,ESS,SL,D,P3,14,
21DPENGAHL,G11,ENG A HL,English A,HL,B,P10,11,
21DPCMSSL,G11,CMS SL,Computer Science,SL,D,P5,17,
21DPBSMSL1,G11,BSM SL 1,Business Management,SL,A,P2,18,
21DPBSMSL2,G11,BSM SL 2,Business Management,SL,B,P1,20,
21DPDTSL,G11,DT SL,Design Technology,SL,C,P5,5,
21DPFLMSL,G11,FLM SL,Film,SL,E,P8,3,
21DPMUSSL/HL,G11,MUS SL/HL,Music,BOTH,E,P2,12,
21DPCHNALLSL3,G11,CHN ALL SL 3,Chinese A Language and Literature,SL,E,P5,18,
21DPCHNALLSL2,G11,CHN ALL SL 2,Chinese A Language and Literature,SL,D,P2,17,
21DPCHNALLSL4,G11,CHN ALL SL 4,Chinese A Language and Literature,SL,F,P1,17,
21DPCHNALLSL1,G11,CHN ALL SL 1,Chinese A Language and Literature,SL,C,P1,18,
21DPBIOSL1,G11,BIO SL 1,Biology,SL,A,P4,17,
21DPBIOSL3,G11,BIO SL 3,Biology,SL,F,P4,17,
21DPBIOSL2,G11,BIO SL 2,Biology,SL,E,P6,16,
21DPENGASL2,G11,ENG A SL 2,English A,SL,C,P2,13,
21DPENGASL1,G11,ENG A SL 1,English A,SL,A,P1,13,
21DPPHYSL1,G11,PHY SL 1,Physics,SL,C,P4,17,
21DPPHYSL2,G11,PHY SL 2,Physics,SL,E,P7,20,
21DPBSMHL,G11,BSM HL,Business Management,HL,D,P13,12,
21DPCHMSL2,G11,CHM SL 2,Chemistry,SL,D,P4,15,
21DPCHMSL1,G11,CHM SL 1,Chemistry,SL,C,P3,18,
21DPMUSSL/HL,G11,MUS SL/HL,Music,BOTH,E,P2,12,
21DPCHNALSL2,G11,CHN AL SL 2,Chinese A Literature,SL,D,P1,13,
21DPCHNALSL1,G11,CHN AL SL 1,Chinese A Literature,SL,E,P4,12,
21DPENGBHL1,G11,ENG B HL 1,English B,HL,A,P9,13,
21DPENGBHL8,G11,ENG B HL 8,English B,HL,F,P11,25,
21DPENGBHL4,G11,ENG B HL 4,English B,HL,C,P11,16,
21DPENGBHL5,G11,ENG B HL 5,English B,HL,D,P10,23,
21DPENGBHL2,G11,ENG B HL 2,English B,HL,A,P10,13,
21DPENGBHL6,G11,ENG B HL 6,English B,HL,E,P9,17,
21DPENGBHL7,G11,ENG B HL 7,English B,HL,E,P10,18,
21DPENGBHL3,G11,ENG B HL 3,English B,HL,C,P10,17,
21DPMTHHL3,G11,MTH HL 3,Mathematics,HL,F,P12,21,
21DPMTHHL1,G11,MTH HL 1,Mathematics,HL,A,P13,20,
21DPMTHHL2,G11,MTH HL 2,Mathematics,HL,C,P13,20,
21DPCMSHL,G11,CMS HL,Computer Science,HL,E,P13,7,
21DPPOL8,G11,POL 8,POL,NEITHER,E,P4,17,
21DPPOL2,G11,POL 2,POL,NEITHER,B,P2,20,
21DPPOL6,G11,POL 6,POL,NEITHER,F,P2,31,
21DPPOL5,G11,POL 5,POL,NEITHER,E,P2,17,
21DPPOL4,G11,POL 4,POL,NEITHER,D,P2,24,
21DPPOL1,G11,POL 1,POL,NEITHER,A,P2,22,
21DPPOL3,G11,POL 3,POL,NEITHER,C,P2,25,
21DPCHNALLHL3,G11,CHN ALL HL 3,Chinese A Language and Literature,HL,F,P10,21,
21DPCHNALLHL1,G11,CHN ALL HL 1,Chinese A Language and Literature,HL,B,P9,19,
21DPCHNALLHL2,G11,CHN ALL HL 2,Chinese A Language and Literature,HL,D,P9,19,
21DPTHTSL|HL,G11,THT SL/HL,Theatre,BOTH,E,P3,11,
21DPTHTSL|HL,G11,THT SL/HL,Theatre,BOTH,E,P3,11,
21DPTOK7,G11,TOK 7,TOK,NEITHER,C,P4,19,
21DPTOK6,G11,TOK 6,TOK,NEITHER,F,P1,17,
21DPTOK8,G11,TOK 8,TOK,NEITHER,D,P4,23,
21DPTOK1,G11,TOK 1,TOK,NEITHER,A,P1,22,
21DPTOK4,G11,TOK 4,TOK,NEITHER,D,P1,23,
21DPTOK7,G11,TOK 7,TOK,NEITHER,F,P4,17,
21DPTOK2,G11,TOK 2,TOK,NEITHER,B,P1,20,
21DPTOK3,G11,TOK 3,TOK,NEITHER,C,P1,19,
21DPTOK5,G11,TOK 5,TOK,NEITHER,E,P1,18,
21DPCHMHL1,G11,CHM HL 1,Chemistry,HL,B,P12,19,
21DPCHMHL2,G11,CHM HL 2,Chemistry,HL,A,P12,17,
21DPCHMHL3,G11,CHM HL 3,Chemistry,HL,E,P12,17,
21DPHIS7,G11,HIS 7,HIS,NEITHER,A,P4,22,
21DPHIS6,G11,HIS 6,HIS,NEITHER,F,P3,28,
21DPHIS8,G11,HIS 8,HIS,NEITHER,B,P4,20,
21DPHIS1,G11,HIS 1,HIS,NEITHER,A,P3,22,
21DPHIS4,G11,HIS 4,HIS,NEITHER,D,P3,22,
21DPHIS3,G11,HIS 3,HIS,NEITHER,C,P3,25,
21DPHIS2,G11,HIS 2,HIS,NEITHER,B,P3,20,
21DPHIS5,G11,HIS 5,HIS,NEITHER,E,P3,17,
21DPBIOHL,G11,BIO HL,Biology,HL,C,P12,22,
21DPCHNALHL2,G11,CHN AL HL 2,Chinese A Literature,HL,F,P9,15,
21DPCHNALHL1,G11,CHN AL HL 1,Chinese A Literature,HL,C,P9,16,
21DPARTSL|HL1,G11,ART SL/HL 1,Visual Art,BOTH,B,P6,9,
21DPARTSL|HL3,G11,ART SL/HL 3,Visual Art,BOTH,E,P1,10,
21DPARTSL|HL2,G11,ART SL/HL 2,Visual Art,BOTH,A,P6,10,
21DPECOSL2,G11,ECO SL 2,Economics,SL,F,P2,18,
21DPECOSL1,G11,ECO SL 1,Economics,SL,B,P2,19,
21DPPSYSL,G11,PSY SL,Psychology,SL,A,P3,21,
21DPMTHSL6,G11,MTH SL 6,Mathematics,SL,D,P6,17,
21DPMTHSL7,G11,MTH SL 7,Mathematics,SL,F,P5,17,
21DPMTHSL3,G11,MTH SL 3,Mathematics,SL,B,P5,14,
21DPMTHSL2,G11,MTH SL 2,Mathematics,SL,A,P5,19,
21DPMTHSL4,G11,MTH SL 4,Mathematics,SL,C,P6,19,
21DPMTHSL5,G11,MTH SL 5,Mathematics,SL,F,P6,17,
21DPMTHSL1,G11,MTH SL 1,Mathematics,SL,B,P4,14,
