_id, Name, Error Stage, Error Message
QD180624,Stalay Wang 王淇立,FAILED TO IMPORT,This student selected 7 (not 6) courses
QD180328,Elina Jiang 蒋铭欣,FAILED TO IMPORT,This student selected 5 (not 6) courses
QD180221,Theron Yuan 袁泽荣,FAILED TO IMPORT,This student selected 5 (not 6) courses
QD180605,Kaven Pan 潘政韬,FAILED TO IMPORT,This student selected 5 (not 6) courses
QD180224,Clark Huang 黄逸鸣,FAILED TO IMPORT,This student selected 5 (not 6) courses
QD180132,William Yuan,FAILED TO GENERATE TIMETABLE (1),This student selected <Philosophy SL> which is not in course pool.
QD180110,Jasmine He,FAILED TO GENERATE TIMETABLE (1),Failed to generate timetable (1). 50 attempts tried.
QD180109,Michelle Du,FAILED TO GENERATE TIMETABLE (1),Failed to generate timetable (1). 50 attempts tried.
QD180633,Jade Chen,FAILED TO GENERATE TIMETABLE (1),Failed to generate timetable (1). 50 attempts tried.
QD180202,Kerry Xu,FAILED TO GENERATE TIMETABLE (1),Failed to generate timetable (1). 50 attempts tried.
QD180505,Tom Qiu,FAILED TO GENERATE TIMETABLE (1),This student selected <ChINESE NATIONAL CLASSES> which is not in course pool.
QD180121,Harrison Qi,FAILED TO GENERATE TIMETABLE (1),This student selected <Philosophy SL> which is not in course pool.
QD180208,Eddie Wang,FAILED TO GENERATE TIMETABLE (1),This student selected <ChINESE NATIONAL CLASSES> which is not in course pool.
QD180203,Albert Xu,FAILED TO GENERATE TIMETABLE (1),This student selected <CHINESE NATIONAL CLASSES> which is not in course pool.
QD180524,Calvin Tan,FAILED TO GENERATE TIMETABLE (1),Failed to generate timetable (1). 50 attempts tried.
QD180233,Frank Song,FAILED TO GENERATE TIMETABLE (1),This student selected <ChINESE NATIONAL CLASSES> which is not in course pool.
QD180333,Michael Hu,FAILED TO GENERATE TIMETABLE (1),This student selected <s2> which is not in course pool.
QD180405,Robbie Liang,FAILED TO GENERATE TIMETABLE (1),Failed to generate timetable (1). 50 attempts tried.
QD180519,Jenny Zhu,FAILED TO GENERATE TIMETABLE (1),This student selected <ChINESE NATIONAL CLASSES> which is not in course pool.
QD180126,Mindy Wang,FAILED TO GENERATE TIMETABLE (1),Failed to generate timetable (1). 50 attempts tried.
QD180111,Heidi Gu,FAILED TO GENERATE TIMETABLE (1),Failed to generate timetable (1). 50 attempts tried.
