Student ID, course ID
QD180422,21DPECOHL1
QD180422,21DPCHNALLHL1
QD180422,21DPENGBHL6
QD180422,21DPCHMSL1
QD180422,21DPHIS3
QD180422,21DPMTHSL6
QD180422,21DPTOK8
QD180422,21DPHISSL
QD180422,21DPPOL6
QD180106,21DPMTHHL1
QD180106,21DPPHYHL1
QD180106,21DPECOHL4
QD180106,21DPCMSSL
QD180106,21DPHIS4
QD180106,21DPENGASL2
QD180106,21DPTOK7
QD180106,21DPCHNALLSL4
QD180106,21DPPOL6
QD180313,21DPPSYSL
QD180313,21DPHIS1
QD180313,21DPMTHSL3
QD180313,21DPTOK2
QD180313,21DPBIOSL2
QD180313,21DPPOL5
QD180313,21DPECOHL3
QD180313,21DPENGBHL4
QD180313,21DPCHNALLHL3
QD180132,21DPCHNALLHL2
QD180311,21DPENGASL1
QD180311,21DPTOK1
QD180311,21DPMTHSL1
QD180311,21DPPOL2
QD180311,21DPMUSSL/HL
QD180311,21DPBIOHL
QD180311,21DPCHNALLHL2
QD180311,21DPHISSL
QD180311,21DPHIS6
QD180501,21DPBIOSL1
QD180501,21DPHIS7
QD180501,21DPECOSL1
QD180501,21DPPOL2
QD180501,21DPARTSL|HL3
QD180501,21DPMTHSL4
QD180501,21DPTOK3
QD180501,21DPENGBHL5
QD180501,21DPCHNALHL2
QD180314,21DPARTSL|HL2
QD180314,21DPECOHL2
QD180314,21DPCHNALLSL3
QD180314,21DPTOK5
QD180314,21DPPHYHL2
QD180314,21DPENGBHL3
QD180314,21DPMTHSL5
QD180314,21DPHIS6
QD180601,21DPBSMSL1
QD180601,21DPPOL1
QD180601,21DPPHYHL1
QD180601,21DPENGBHL7
QD180601,21DPMTHHL2
QD180601,21DPCHNALLSL2
QD180601,21DPTOK4
QD180601,21DPECOSL2
QD180601,21DPHIS6
QD180619,21DPPSYSL
QD180619,21DPHIS1
QD180619,21DPMTHSL1
QD180619,21DPTOK2
QD180619,21DPPHYSL2
QD180619,21DPPOL8
QD180619,21DPBSMHL
QD180619,21DPENGBHL4
QD180619,21DPCHNALLHL3
QD180616,21DPPSYSL
QD180616,21DPTOK1
QD180616,21DPCHNALLHL1
QD180616,21DPENGBHL7
QD180616,21DPMTHHL2
QD180616,21DPESSSL2
QD180616,21DPPOL4
QD180616,21DPECOSL2
QD180616,21DPHIS6
QD180234,21DPCHMHL2
QD180234,21DPESSSL1
QD180234,21DPHIS2
QD180234,21DPBIOSL2
QD180234,21DPPOL8
QD180234,21DPCHNALLSL1
QD180234,21DPTOK7
QD180234,21DPENGBHL5
QD180234,21DPMTHHL3
QD180122,21DPBSMSL1
QD180122,21DPHIS7
QD180122,21DPPHYHL1
QD180122,21DPENGBHL6
QD180122,21DPCMSSL
QD180122,21DPTOK8
QD180122,21DPCHNALLSL1
QD180122,21DPPOL3
QD180122,21DPMTHHL3
QD180401,21DPARTSL|HL2
QD180401,21DPECOSL1
QD180401,21DPHIS8
QD180401,21DPCHNALLSL3
QD180401,21DPPOL5
QD180401,21DPCHMSL2
QD180401,21DPTOK4
QD180401,21DPENGBHL3
QD180401,21DPMTHSL7
QD180635,21DPMTHSL2
QD180635,21DPPOL1
QD180635,21DPECOSL1
QD180635,21DPHIS2
QD180635,21DPCHMHL3
QD180635,21DPPHYSL1
QD180635,21DPTOK3
QD180635,21DPENGBHL5
QD180635,21DPCHNALHL2
QD180608,21DPMTHSL2
QD180608,21DPHIS1
QD180608,21DPECOSL1
QD180608,21DPPOL2
QD180608,21DPENGBHL6
QD180608,21DPPHYHL2
QD180608,21DPCHMSL1
QD180608,21DPTOK3
QD180608,21DPCHNALHL2
QD180617,21DPMTHSL2
QD180617,21DPHIS7
QD180617,21DPBSMSL2
QD180617,21DPTOK2
QD180617,21DPENGBHL7
QD180617,21DPBIOHL
QD180617,21DPCHMSL2
QD180617,21DPPOL4
QD180617,21DPCHNALLHL3
QD180534,21DPMTHSL2
QD180534,21DPPOL1
QD180534,21DPESSSL1
QD180534,21DPHIS8
QD180534,21DPENGBHL6
QD180534,21DPBSMHL
QD180534,21DPBIOHL
QD180534,21DPCHNALLSL4
QD180534,21DPTOK6
QD180206,21DPMTHHL1
QD180206,21DPPHYHL1
QD180206,21DPCHNALLSL3
QD180206,21DPHIS5
QD180206,21DPCHMSL2
QD180206,21DPTOK8
QD180206,21DPENGBHL4
QD180206,21DPECOSL2
QD180206,21DPPOL6
QD180317,21DPECOHL1
QD180317,21DPBSMSL2
QD180317,21DPHIS8
QD180317,21DPENGBHL7
QD180317,21DPCHNALLHL2
QD180317,21DPMTHSL4
QD180317,21DPPOL3
QD180317,21DPBIOSL3
QD180317,21DPTOK7
QD180604,21DPCHMHL2
QD180604,21DPBSMSL2
QD180604,21DPHIS2
QD180604,21DPENGBHL6
QD180604,21DPCHNALLHL2
QD180604,21DPMTHSL4
QD180604,21DPTOK7
QD180604,21DPECOSL2
QD180604,21DPPOL6
QD180318,21DPENGBHL2
QD180318,21DPCHNALLHL1
QD180318,21DPPHYSL2
QD180318,21DPTOK5
QD180318,21DPCHMSL1
QD180318,21DPHIS3
QD180318,21DPECOHL3
QD180318,21DPMTHSL7
QD180318,21DPPOL6
QD180523,21DPENGBHL1
QD180523,21DPECOSL1
QD180523,21DPHIS2
QD180523,21DPCHMHL3
QD180523,21DPDTSL
QD180523,21DPPOL3
QD180523,21DPMTHSL6
QD180523,21DPTOK4
QD180523,21DPCHNALLHL3
QD180205,21DPENGBHL1
QD180205,21DPECOSL1
QD180205,21DPHIS8
QD180205,21DPCMSHL
QD180205,21DPPHYSL1
QD180205,21DPTOK3
QD180205,21DPCHNALLSL2
QD180205,21DPPOL4
QD180205,21DPMTHHL3
QD180611,21DPECOHL1
QD180611,21DPCHNALLHL1
QD180611,21DPTHTSL|HL
QD180611,21DPESSSL2
QD180611,21DPHIS4
QD180611,21DPMTHHL2
QD180611,21DPENGBHL8
QD180329,21DPCHMHL2
QD180329,21DPECOHL2
QD180329,21DPPHYSL2
QD180329,21DPHIS5
QD180329,21DPCHNALSL2
QD180329,21DPTOK4
QD180329,21DPMTHSL4
QD180329,21DPPOL3
QD180329,21DPENGBHL8
QD180228,21DPBSMSL1
QD180228,21DPTOK1
QD180228,21DPCHNALLHL1
QD180228,21DPECOHL4
QD180228,21DPMTHSL6
QD180228,21DPHIS4
QD180228,21DPENGBHL3
QD180228,21DPBIOSL3
QD180228,21DPPOL6
QD180301,21DPENGBHL2
QD180301,21DPMTHSL3
QD180301,21DPPOL2
QD180301,21DPECOHL4
QD180301,21DPCHMSL1
QD180301,21DPHIS3
QD180301,21DPPHYHL2
QD180301,21DPCHNALLSL4
QD180301,21DPTOK6
QD180309,21DPBSMSL1
QD180309,21DPHIS1
QD180309,21DPCHMHL1
QD180309,21DPBIOSL2
QD180309,21DPTOK5
QD180309,21DPCHNALHL1
QD180309,21DPMTHSL6
QD180309,21DPPOL4
QD180309,21DPENGBHL8
QD180525,21DPENGBHL1
QD180525,21DPESSSL1
QD180525,21DPTOK2
QD180525,21DPFLMSL
QD180525,21DPPOL5
QD180525,21DPBSMHL
QD180525,21DPCHNALHL1
QD180525,21DPMTHSL5
QD180525,21DPHIS6
QD180625,21DPENGASL1
QD180625,21DPHIS7
QD180625,21DPECOSL1
QD180625,21DPTOK2
QD180625,21DPCMSHL
QD180625,21DPPHYHL2
QD180625,21DPCHNALLSL1
QD180625,21DPPOL3
QD180625,21DPMTHHL3
QD180503,21DPBSMSL1
QD180503,21DPTOK1
QD180503,21DPPHYHL1
QD180503,21DPENGBHL7
QD180503,21DPCMSSL
QD180503,21DPHIS4
QD180503,21DPMTHHL2
QD180503,21DPCHNALLSL4
QD180503,21DPPOL6
QD180620,21DPMTHSL2
QD180620,21DPPOL1
QD180620,21DPPHYHL1
QD180620,21DPECOHL4
QD180620,21DPENGASL2
QD180620,21DPHIS3
QD180620,21DPESSSL2
QD180620,21DPTOK8
QD180620,21DPCHNALLHL3
QD180331,21DPENGBHL2
QD180331,21DPCHNALLHL1
QD180331,21DPARTSL|HL3
QD180331,21DPBIOHL
QD180331,21DPESSSL2
QD180331,21DPHIS4
QD180331,21DPMTHSL5
QD180331,21DPTOK7
QD180623,21DPPSYSL
QD180623,21DPHIS1
QD180623,21DPCHMHL1
QD180623,21DPENGBHL7
QD180623,21DPMTHHL2
QD180623,21DPCHNALLSL2
QD180623,21DPTOK8
QD180623,21DPBIOSL3
QD180623,21DPPOL6
QD180222,21DPMTHHL1
QD180222,21DPPHYHL1
QD180222,21DPBIOSL2
QD180222,21DPPOL8
QD180222,21DPCHNALSL2
QD180222,21DPTOK4
QD180222,21DPENGBHL3
QD180222,21DPECOSL2
QD180222,21DPHIS6
QD180505,21DPCHNALLSL1
QD180505,21DPTOK7
QD180526,21DPMTHHL1
QD180526,21DPBSMSL2
QD180526,21DPHIS2
QD180526,21DPCHNALLSL3
QD180526,21DPPOL5
QD180526,21DPBIOHL
QD180526,21DPCHMSL2
QD180526,21DPTOK8
QD180526,21DPENGBHL8
QD180513,21DPENGBHL1
QD180513,21DPBSMSL2
QD180513,21DPPOL2
QD180513,21DPCHMHL3
QD180513,21DPBIOHL
QD180513,21DPCHNALLSL2
QD180513,21DPHIS4
QD180513,21DPMTHSL7
QD180513,21DPTOK6
QD180105,21DPECOHL1
QD180105,21DPESSSL1
QD180105,21DPHIS8
QD180105,21DPENGBHL6
QD180105,21DPCHMSL2
QD180105,21DPPOL4
QD180105,21DPCHNALHL1
QD180105,21DPMTHSL5
QD180105,21DPTOK7
QD180602,21DPCHMHL2
QD180602,21DPENGAHL
QD180602,21DPTHTSL|HL
QD180602,21DPESSSL2
QD180602,21DPPOL4
QD180602,21DPCHNALLSL1
QD180602,21DPHIS3
QD180602,21DPMTHSL7
QD180602,21DPTOK6
QD180302,21DPECOHL1
QD180302,21DPESSSL1
QD180302,21DPHIS8
QD180302,21DPENGBHL7
QD180302,21DPPHYSL1
QD180302,21DPTOK3
QD180302,21DPCHNALLSL2
QD180302,21DPPOL4
QD180302,21DPMTHHL3
QD180218,21DPENGBHL2
QD180218,21DPECOHL2
QD180218,21DPPHYSL2
QD180218,21DPHIS5
QD180218,21DPCMSSL
QD180218,21DPTOK4
QD180218,21DPCHNALHL1
QD180218,21DPMTHSL5
QD180218,21DPPOL6
QD180510,21DPBSMSL1
QD180510,21DPPOL1
QD180510,21DPCHMHL1
QD180510,21DPCHNALLSL3
QD180510,21DPHIS5
QD180510,21DPMTHHL2
QD180510,21DPENGBHL5
QD180510,21DPECOSL2
QD180510,21DPTOK7
QD180308,21DPMTHHL1
QD180308,21DPECOHL2
QD180308,21DPCHNALLSL3
QD180308,21DPPOL8
QD180308,21DPPHYSL1
QD180308,21DPTOK7
QD180308,21DPENGBHL5
QD180308,21DPBIOSL3
QD180308,21DPHIS6
QD180629,21DPBIOSL1
QD180629,21DPHIS7
QD180629,21DPMTHSL1
QD180629,21DPTOK2
QD180629,21DPECOHL4
QD180629,21DPCHMSL1
QD180629,21DPPOL3
QD180629,21DPCHNALLHL2
QD180629,21DPENGBHL8
QD180304,21DPENGBHL1
QD180304,21DPBSMSL2
QD180304,21DPPOL2
QD180304,21DPCHNALSL1
QD180304,21DPTOK5
QD180304,21DPPHYSL1
QD180304,21DPHIS3
QD180304,21DPECOHL3
QD180304,21DPMTHHL3
QD180219,21DPENGBHL2
QD180219,21DPESSSL1
QD180219,21DPHIS2
QD180219,21DPTHTSL|HL
QD180219,21DPCHMSL2
QD180219,21DPTOK4
QD180219,21DPMTHSL4
QD180219,21DPPOL3
QD180219,21DPCHNALLHL3
QD180428,21DPMTHSL2
QD180428,21DPTOK1
QD180428,21DPECOHL2
QD180428,21DPENGBHL6
QD180428,21DPCHMSL1
QD180428,21DPHIS3
QD180428,21DPPHYHL2
QD180428,21DPCHNALLSL4
QD180428,21DPPOL6
QD180128,21DPENGBHL2
QD180128,21DPCHMHL1
QD180128,21DPPHYSL2
QD180128,21DPHIS5
QD180128,21DPCHNALLSL2
QD180128,21DPTOK8
QD180128,21DPMTHSL4
QD180128,21DPPOL3
QD180128,21DPECOSL2
QD180121,21DPCHNALHL2
QD180320,21DPCHMHL2
QD180320,21DPECOHL2
QD180320,21DPPHYSL2
QD180320,21DPTOK5
QD180320,21DPCHNALSL2
QD180320,21DPHIS4
QD180320,21DPENGBHL4
QD180320,21DPMTHSL7
QD180320,21DPPOL6
QD180216,21DPBIOSL1
QD180216,21DPHIS1
QD180216,21DPCHNALLHL1
QD180216,21DPECOHL4
QD180216,21DPESSSL2
QD180216,21DPTOK8
QD180216,21DPENGBHL4
QD180216,21DPMTHSL7
QD180216,21DPPOL6
QD180416,21DPENGBHL1
QD180416,21DPECOSL1
QD180416,21DPTOK2
QD180416,21DPARTSL|HL3
QD180416,21DPCHNALLHL2
QD180416,21DPCHMSL1
QD180416,21DPHIS3
QD180416,21DPMTHSL5
QD180416,21DPPOL6
QD180518,21DPENGBHL2
QD180518,21DPCHMHL1
QD180518,21DPCHNALSL1
QD180518,21DPPOL8
QD180518,21DPPHYSL1
QD180518,21DPTOK7
QD180518,21DPECOHL3
QD180518,21DPMTHSL5
QD180518,21DPHIS6
QD180412,21DPBIOSL1
QD180412,21DPPOL1
QD180412,21DPMTHSL3
QD180412,21DPHIS8
QD180412,21DPCHMHL3
QD180412,21DPECOHL3
QD180412,21DPCHNALLSL1
QD180412,21DPTOK3
QD180412,21DPENGBHL8
QD180431,21DPMTHHL1
QD180431,21DPESSSL1
QD180431,21DPHIS2
QD180431,21DPCHNALSL1
QD180431,21DPPOL5
QD180431,21DPECOHL3
QD180431,21DPENGBHL3
QD180431,21DPBIOSL3
QD180431,21DPTOK7
QD180502,21DPENGASL1
QD180502,21DPTOK1
QD180502,21DPECOHL2
QD180502,21DPFLMSL
QD180502,21DPPOL5
QD180502,21DPPHYHL2
QD180502,21DPMTHHL2
QD180502,21DPCHNALLSL4
QD180502,21DPHIS6
QD180533,21DPBSMSL1
QD180533,21DPHIS7
QD180533,21DPCHMHL1
QD180533,21DPBIOSL2
QD180533,21DPTOK5
QD180533,21DPMTHSL6
QD180533,21DPPOL4
QD180533,21DPENGBHL4
QD180533,21DPCHNALLHL3
QD180119,21DPECOHL1
QD180119,21DPMTHSL3
QD180119,21DPPOL2
QD180119,21DPCHMHL3
QD180119,21DPCHNALSL2
QD180119,21DPHIS4
QD180119,21DPENGBHL3
QD180119,21DPBIOSL3
QD180119,21DPTOK6
QD180330,21DPPSYSL
QD180330,21DPHIS1
QD180330,21DPARTSL|HL1
QD180330,21DPBIOSL2
QD180330,21DPPOL8
QD180330,21DPCHNALLHL2
QD180330,21DPENGBHL4
QD180330,21DPMTHSL7
QD180330,21DPTOK6
QD180117,21DPBIOSL1
QD180117,21DPTOK1
QD180117,21DPCHMHL1
QD180117,21DPCHNALSL1
QD180117,21DPHIS5
QD180117,21DPENGASL2
QD180117,21DPPOL3
QD180117,21DPECOHL3
QD180117,21DPMTHHL3
QD180125,21DPBIOSL1
QD180125,21DPPOL1
QD180125,21DPMTHSL1
QD180125,21DPHIS8
QD180125,21DPTHTSL|HL
QD180125,21DPESSSL2
QD180125,21DPTOK4
QD180125,21DPENGBHL3
QD180125,21DPCHNALLHL3
QD180225,21DPPSYSL
QD180225,21DPHIS7
QD180225,21DPARTSL|HL1
QD180225,21DPBIOSL2
QD180225,21DPTOK5
QD180225,21DPMTHSL6
QD180225,21DPPOL4
QD180225,21DPENGBHL4
QD180225,21DPCHNALHL2
QD180124,21DPPSYSL
QD180124,21DPHIS1
QD180124,21DPBSMSL2
QD180124,21DPPOL2
QD180124,21DPCHNALSL1
QD180124,21DPTOK5
QD180124,21DPCHMSL2
QD180124,21DPMTHSL4
QD180124,21DPENGBHL8
QD180614,21DPECOHL1
QD180614,21DPENGAHL
QD180614,21DPBIOSL2
QD180614,21DPPOL8
QD180614,21DPCHMSL1
QD180614,21DPTOK7
QD180614,21DPCHNALLHL2
QD180614,21DPMTHSL5
QD180614,21DPHIS6
QD180628,21DPARTSL|HL2
QD180628,21DPBSMSL2
QD180628,21DPHIS2
QD180628,21DPCHMHL3
QD180628,21DPCHNALLHL2
QD180628,21DPENGBHL3
QD180628,21DPMTHSL7
QD180628,21DPTOK7
QD180512,21DPBIOSL1
QD180512,21DPHIS7
QD180512,21DPCHNALLHL1
QD180512,21DPECOHL4
QD180512,21DPCHMSL2
QD180512,21DPTOK4
QD180512,21DPMTHSL4
QD180512,21DPPOL3
QD180512,21DPENGBHL8
QD180404,21DPMTHHL1
QD180404,21DPECOHL2
QD180404,21DPPHYSL2
QD180404,21DPPOL5
QD180404,21DPCMSSL
QD180404,21DPTOK8
QD180404,21DPENGBHL3
QD180404,21DPCHNALLSL4
QD180404,21DPHIS6
QD180529,21DPECOHL1
QD180529,21DPCHNALLHL1
QD180529,21DPENGBHL6
QD180529,21DPESSSL2
QD180529,21DPHIS4
QD180529,21DPMTHSL4
QD180529,21DPTOK3
QD180529,21DPBIOSL3
QD180529,21DPPOL6
QD180418,21DPBIOSL1
QD180418,21DPTOK1
QD180418,21DPMTHSL1
QD180418,21DPHIS2
QD180418,21DPTHTSL|HL
QD180418,21DPECOHL3
QD180418,21DPCHNALHL1
QD180418,21DPENGBHL8
QD180610,21DPBIOSL1
QD180610,21DPPOL1
QD180610,21DPMTHSL3
QD180610,21DPTOK2
QD180610,21DPCHMHL3
QD180610,21DPCHNALHL1
QD180610,21DPENGBHL5
QD180610,21DPHISSL
QD180610,21DPHIS6
QD180403,21DPMTHHL1
QD180403,21DPCHMHL1
QD180403,21DPBIOSL2
QD180403,21DPHIS5
QD180403,21DPCHNALLSL1
QD180403,21DPTOK7
QD180403,21DPENGBHL5
QD180403,21DPECOSL2
QD180403,21DPPOL6
QD180618,21DPENGASL1
QD180618,21DPHIS7
QD180618,21DPMTHSL1
QD180618,21DPPOL2
QD180618,21DPCHMHL3
QD180618,21DPBIOHL
QD180618,21DPECOHL3
QD180618,21DPCHNALLSL4
QD180618,21DPTOK6
QD180528,21DPBSMSL1
QD180528,21DPHIS1
QD180528,21DPCHNALLHL1
QD180528,21DPCHMHL3
QD180528,21DPMTHSL6
QD180528,21DPPOL4
QD180528,21DPENGBHL4
QD180528,21DPBIOSL3
QD180528,21DPTOK7
QD180408,21DPPSYSL
QD180408,21DPTOK1
QD180408,21DPPHYHL1
QD180408,21DPCHNALLSL3
QD180408,21DPPOL8
QD180408,21DPDTSL
QD180408,21DPHIS3
QD180408,21DPENGBHL5
QD180408,21DPMTHHL3
QD180208,21DPCHNALSL2
QD180208,21DPTOK8
QD180530,21DPCHMHL2
QD180530,21DPECOSL1
QD180530,21DPTOK2
QD180530,21DPARTSL|HL3
QD180530,21DPMTHSL6
QD180530,21DPHIS4
QD180530,21DPENGBHL3
QD180530,21DPCHNALLHL3
QD180226,21DPENGASL1
QD180226,21DPPOL1
QD180226,21DPCHMHL1
QD180226,21DPCHNALLSL3
QD180226,21DPHIS5
QD180226,21DPBSMHL
QD180226,21DPBIOHL
QD180226,21DPMTHSL5
QD180226,21DPTOK7
QD180112,21DPENGASL1
QD180112,21DPPOL1
QD180112,21DPESSSL1
QD180112,21DPHIS8
QD180112,21DPECOHL4
QD180112,21DPBIOHL
QD180112,21DPCHNALLHL2
QD180112,21DPMTHSL7
QD180112,21DPTOK6
QD180419,21DPPSYSL
QD180419,21DPHIS1
QD180419,21DPMTHSL3
QD180419,21DPTOK2
QD180419,21DPECOHL4
QD180419,21DPCHMSL1
QD180419,21DPPOL3
QD180419,21DPENGBHL5
QD180419,21DPCHNALHL2
QD180232,21DPMTHHL1
QD180232,21DPBSMSL2
QD180232,21DPPOL2
QD180232,21DPCMSHL
QD180232,21DPPHYHL2
QD180232,21DPENGASL2
QD180232,21DPTOK3
QD180232,21DPCHNALLSL4
QD180232,21DPHIS6
QD180514,21DPMTHSL2
QD180514,21DPTOK1
QD180514,21DPECOSL1
QD180514,21DPHIS2
QD180514,21DPENGBHL7
QD180514,21DPBIOHL
QD180514,21DPCHMSL2
QD180514,21DPPOL4
QD180514,21DPCHNALHL2
QD180324,21DPECOHL1
QD180324,21DPPHYHL1
QD180324,21DPENGBHL7
QD180324,21DPCMSSL
QD180324,21DPTOK4
QD180324,21DPCHNALLSL1
QD180324,21DPHIS3
QD180324,21DPMTHSL7
QD180324,21DPPOL6
QD180429,21DPBSMSL1
QD180429,21DPHIS7
QD180429,21DPARTSL|HL1
QD180429,21DPCHMHL3
QD180429,21DPMTHSL6
QD180429,21DPTOK8
QD180429,21DPENGBHL4
QD180429,21DPCHNALLHL3
QD180114,21DPENGBHL1
QD180114,21DPBSMSL2
QD180114,21DPHIS8
QD180114,21DPTHTSL|HL
QD180114,21DPESSSL2
QD180114,21DPTOK4
QD180114,21DPMTHHL2
QD180114,21DPCHNALLHL3
QD180606,21DPMTHSL2
QD180606,21DPHIS7
QD180606,21DPECOHL2
QD180606,21DPENGBHL6
QD180606,21DPCHNALHL1
QD180606,21DPCHMSL2
QD180606,21DPTOK4
QD180606,21DPHISSL
QD180606,21DPPOL6
QD180319,21DPMTHSL2
QD180319,21DPHIS1
QD180319,21DPCHNALLHL1
QD180319,21DPENGBHL6
QD180319,21DPPHYSL1
QD180319,21DPTOK7
QD180319,21DPECOHL3
QD180319,21DPBIOSL3
QD180319,21DPPOL6
QD180631,21DPBSMSL1
QD180631,21DPPOL1
QD180631,21DPECOHL2
QD180631,21DPENGBHL7
QD180631,21DPCHNALLHL2
QD180631,21DPMTHSL4
QD180631,21DPTOK3
QD180631,21DPBIOSL3
QD180631,21DPHIS6
QD180407,21DPARTSL|HL2
QD180407,21DPMTHSL3
QD180407,21DPHIS8
QD180407,21DPPHYSL2
QD180407,21DPPOL5
QD180407,21DPCHNALLHL2
QD180407,21DPENGBHL4
QD180407,21DPHISSL
QD180407,21DPTOK6
QD180615,21DPMTHSL2
QD180615,21DPTOK1
QD180615,21DPCHNALLHL1
QD180615,21DPMUSSL/HL
QD180615,21DPPHYSL1
QD180615,21DPHIS3
QD180615,21DPENGBHL5
QD180615,21DPHISSL
QD180615,21DPPOL6
QD180227,21DPBIOSL1
QD180227,21DPHIS7
QD180227,21DPMTHSL1
QD180227,21DPTOK2
QD180227,21DPECOHL4
QD180227,21DPCHMSL1
QD180227,21DPPOL3
QD180227,21DPENGBHL5
QD180227,21DPCHNALLHL3
QD180406,21DPECOHL1
QD180406,21DPMTHSL1
QD180406,21DPHIS2
QD180406,21DPCHNALLSL3
QD180406,21DPPOL8
QD180406,21DPCHMSL1
QD180406,21DPTOK7
QD180406,21DPPHYHL2
QD180406,21DPENGBHL8
QD180204,21DPENGASL1
QD180204,21DPPOL1
QD180204,21DPECOSL1
QD180204,21DPHIS8
QD180204,21DPCHMHL3
QD180204,21DPBIOHL
QD180204,21DPMTHSL6
QD180204,21DPTOK8
QD180204,21DPCHNALHL2
QD180627,21DPCHMHL2
QD180627,21DPECOHL2
QD180627,21DPPHYSL2
QD180627,21DPHIS5
QD180627,21DPENGASL2
QD180627,21DPTOK3
QD180627,21DPCHNALLSL2
QD180627,21DPPOL4
QD180627,21DPMTHHL3
QD180326,21DPENGBHL1
QD180326,21DPARTSL|HL1
QD180326,21DPECOHL4
QD180326,21DPPHYSL1
QD180326,21DPTOK3
QD180326,21DPCHNALLHL2
QD180326,21DPMTHSL5
QD180326,21DPHIS6
QD180421,21DPECOHL1
QD180421,21DPBSMSL2
QD180421,21DPPOL2
QD180421,21DPCHNALLSL3
QD180421,21DPTOK5
QD180421,21DPPHYHL2
QD180421,21DPENGASL2
QD180421,21DPHIS3
QD180421,21DPMTHHL3
QD180414,21DPENGBHL2
QD180414,21DPECOHL2
QD180414,21DPMUSSL/HL
QD180414,21DPCHNALHL1
QD180414,21DPCHMSL2
QD180414,21DPHIS4
QD180414,21DPMTHSL5
QD180414,21DPTOK7
QD180203,21DPCHNALLSL2
QD180203,21DPHIS4
QD180410,21DPENGASL1
QD180410,21DPHIS1
QD180410,21DPECOHL2
QD180410,21DPMUSSL/HL
QD180410,21DPBIOHL
QD180410,21DPCHNALLSL2
QD180410,21DPTOK4
QD180410,21DPMTHHL3
QD180535,21DPECOHL1
QD180535,21DPCHNALLHL1
QD180535,21DPMUSSL/HL
QD180535,21DPCMSSL
QD180535,21DPTOK8
QD180535,21DPENGASL2
QD180535,21DPPOL3
QD180535,21DPMTHHL3
QD180411,21DPENGBHL2
QD180411,21DPPHYHL1
QD180411,21DPARTSL|HL3
QD180411,21DPMTHHL2
QD180411,21DPCHNALLSL2
QD180411,21DPHIS4
QD180411,21DPECOSL2
QD180411,21DPTOK7
QD180517,21DPBSMSL1
QD180517,21DPTOK1
QD180517,21DPCHMHL1
QD180517,21DPENGBHL6
QD180517,21DPECOHL3
QD180517,21DPCHNALLSL1
QD180517,21DPHIS3
QD180517,21DPMTHSL7
QD180517,21DPPOL6
QD180425,21DPBIOSL1
QD180425,21DPTOK1
QD180425,21DPMTHSL3
QD180425,21DPPOL2
QD180425,21DPCHNALLSL3
QD180425,21DPHIS5
QD180425,21DPDTSL
QD180425,21DPENGBHL5
QD180425,21DPECOSL2
QD170120,21DPMTHHL1
QD170120,21DPENGAHL
QD170120,21DPBIOSL2
QD170120,21DPPOL5
QD170120,21DPCHNALLHL2
QD170120,21DPPHYSL1
QD170120,21DPTOK7
QD170120,21DPHISSL
QD170120,21DPHIS6
QD180536,21DPARTSL|HL2
QD180536,21DPENGAHL
QD180536,21DPECOHL4
QD180536,21DPMTHSL4
QD180536,21DPTOK7
QD180536,21DPCHNALLSL2
QD180536,21DPPOL4
QD180536,21DPBIOSL3
QD180536,21DPHIS6
QD180626,21DPPSYSL
QD180626,21DPHIS7
QD180626,21DPPHYHL1
QD180626,21DPCHNALSL1
QD180626,21DPTOK5
QD180626,21DPMTHHL2
QD180626,21DPCHMSL2
QD180626,21DPPOL4
QD180626,21DPENGBHL8
QD180217,21DPMTHSL2
QD180217,21DPHIS1
QD180217,21DPARTSL|HL1
QD180217,21DPBIOSL2
QD180217,21DPPOL5
QD180217,21DPCHNALLHL2
QD180217,21DPENGBHL3
QD180217,21DPECOSL2
QD180217,21DPTOK6
QD180129,21DPCHMHL2
QD180129,21DPBSMSL2
QD180129,21DPHIS2
QD180129,21DPTHTSL|HL
QD180129,21DPCHNALSL2
QD180129,21DPTOK8
QD180129,21DPMTHSL4
QD180129,21DPPOL3
QD180129,21DPENGBHL8
QD180417,21DPBSMSL1
QD180417,21DPPOL1
QD180417,21DPCHMHL1
QD180417,21DPARTSL|HL3
QD180417,21DPMTHSL6
QD180417,21DPHIS4
QD180417,21DPENGBHL3
QD180417,21DPCHNALLHL3
QD180123,21DPENGASL1
QD180123,21DPHIS1
QD180123,21DPPHYHL1
QD180123,21DPCMSHL
QD180123,21DPCHNALSL2
QD180123,21DPTOK4
QD180123,21DPMTHHL2
QD180123,21DPECOSL2
QD180123,21DPPOL6
QD180402,21DPPSYSL
QD180402,21DPPOL1
QD180402,21DPENGAHL
QD180402,21DPPHYSL2
QD180402,21DPTOK5
QD180402,21DPECOHL3
QD180402,21DPMTHHL2
QD180402,21DPCHNALLSL4
QD180402,21DPHIS6
QD180634,21DPMTHHL1
QD180634,21DPBSMSL2
QD180634,21DPTOK2
QD180634,21DPCHNALSL1
QD180634,21DPPOL8
QD180634,21DPDTSL
QD180634,21DPHIS3
QD180634,21DPPHYHL2
QD180634,21DPENGBHL8
QD180516,21DPBIOSL1
QD180516,21DPTOK1
QD180516,21DPCHMHL1
QD180516,21DPCHNALSL1
QD180516,21DPPOL8
QD180516,21DPECOHL3
QD180516,21DPENGBHL4
QD180516,21DPMTHSL5
QD180516,21DPHIS6
QD180409,21DPCHMHL2
QD180409,21DPMTHSL1
QD180409,21DPHIS2
QD180409,21DPPHYSL2
QD180409,21DPPOL5
QD180409,21DPECOHL3
QD180409,21DPCHNALLSL1
QD180409,21DPTOK3
QD180409,21DPENGBHL8
QD180609,21DPMTHHL1
QD180609,21DPECOHL2
QD180609,21DPPHYSL2
QD180609,21DPHIS5
QD180609,21DPCHNALSL2
QD180609,21DPTOK4
QD180609,21DPCHMSL1
QD180609,21DPPOL3
QD180609,21DPENGBHL8
QD180118,21DPCHMHL2
QD180118,21DPESSSL1
QD180118,21DPHIS8
QD180118,21DPENGBHL7
QD180118,21DPBIOHL
QD180118,21DPMTHSL6
QD180118,21DPPOL4
QD180118,21DPCHNALLSL4
QD180118,21DPTOK6
QD180334,21DPARTSL|HL2
QD180334,21DPECOSL1
QD180334,21DPTOK2
QD180334,21DPENGBHL7
QD180334,21DPCHMSL1
QD180334,21DPHIS3
QD180334,21DPMTHSL6
QD180334,21DPPOL4
QD180334,21DPCHNALLHL3
QD180130,21DPBSMSL1
QD180130,21DPHIS7
QD180130,21DPENGAHL
QD180130,21DPARTSL|HL3
QD180130,21DPCHNALHL1
QD180130,21DPMTHSL6
QD180130,21DPTOK8
QD180130,21DPBIOSL3
QD180130,21DPPOL6
QD180532,21DPARTSL|HL2
QD180532,21DPECOSL1
QD180532,21DPPOL2
QD180532,21DPCHMHL3
QD180532,21DPMTHSL4
QD180532,21DPTOK7
QD180532,21DPENGBHL5
QD180532,21DPCHNALLHL3
QD180509,21DPBIOSL1
QD180509,21DPHIS1
QD180509,21DPBSMSL2
QD180509,21DPTOK2
QD180509,21DPCHNALLSL3
QD180509,21DPPOL5
QD180509,21DPPHYHL2
QD180509,21DPMTHHL2
QD180509,21DPENGBHL8
QD180233,21DPCHNALLSL1
QD180233,21DPTOK3
QD180521,21DPCHMHL2
QD180521,21DPMTHSL3
QD180521,21DPPOL2
QD180521,21DPECOHL4
QD180521,21DPCMSSL
QD180521,21DPHIS4
QD180521,21DPENGBHL4
QD180521,21DPCHNALLSL4
QD180521,21DPTOK7
QD180522,21DPMTHHL1
QD180522,21DPPHYHL1
QD180522,21DPENGBHL6
QD180522,21DPCMSSL
QD180522,21DPTOK8
QD180522,21DPCHNALLSL1
QD180522,21DPHIS3
QD180522,21DPECOSL2
QD180522,21DPPOL6
QD180104,21DPBSMSL1
QD180104,21DPTOK1
QD180104,21DPPHYHL1
QD180104,21DPENGBHL7
QD180104,21DPCMSSL
QD180104,21DPHIS4
QD180104,21DPCHNALLSL1
QD180104,21DPPOL3
QD180104,21DPMTHHL3
QD180107,21DPCHMHL2
QD180107,21DPECOHL2
QD180107,21DPBIOSL2
QD180107,21DPTOK5
QD180107,21DPCHNALLSL2
QD180107,21DPPOL4
QD180107,21DPENGBHL3
QD180107,21DPMTHSL7
QD180107,21DPHIS6
QD180305,21DPMTHHL1
QD180305,21DPECOHL2
QD180305,21DPCHNALLSL3
QD180305,21DPHIS5
QD180305,21DPCMSSL
QD180305,21DPTOK4
QD180305,21DPPHYSL1
QD180305,21DPPOL3
QD180305,21DPENGBHL8
QD180323,21DPENGBHL1
QD180323,21DPMTHSL1
QD180323,21DPHIS2
QD180323,21DPCHMHL3
QD180323,21DPBSMHL
QD180323,21DPCHNALLSL1
QD180323,21DPTOK3
QD180323,21DPBIOSL3
QD180323,21DPPOL6
QD180630,21DPECOHL1
QD180630,21DPCHNALLHL1
QD180630,21DPMUSSL/HL
QD180630,21DPPHYSL1
QD180630,21DPTOK7
QD180630,21DPENGBHL5
QD180630,21DPMTHSL5
QD180630,21DPHIS6
QD180607,21DPCHMHL2
QD180607,21DPENGAHL
QD180607,21DPMUSSL/HL
QD180607,21DPCHNALSL2
QD180607,21DPHIS4
QD180607,21DPMTHHL2
QD180607,21DPECOSL2
QD180607,21DPTOK6
QD180116,21DPMTHSL2
QD180116,21DPPOL1
QD180116,21DPBSMSL2
QD180116,21DPHIS8
QD180116,21DPENGBHL6
QD180116,21DPBIOHL
QD180116,21DPESSSL2
QD180116,21DPTOK8
QD180116,21DPCHNALLHL3
QD180527,21DPMTHSL2
QD180527,21DPHIS7
QD180527,21DPECOSL1
QD180527,21DPTOK2
QD180527,21DPCHMHL3
QD180527,21DPPHYSL1
QD180527,21DPPOL3
QD180527,21DPENGBHL5
QD180527,21DPCHNALHL2
QD180209,21DPMTHHL1
QD180209,21DPCHMHL1
QD180209,21DPCHNALSL1
QD180209,21DPPOL8
QD180209,21DPPHYHL2
QD180209,21DPENGASL2
QD180209,21DPTOK3
QD180209,21DPECOSL2
QD180209,21DPHIS6
QD180230,21DPBSMSL1
QD180230,21DPHIS1
QD180230,21DPARTSL|HL1
QD180230,21DPPHYSL2
QD180230,21DPTOK5
QD180230,21DPCHNALLHL2
QD180230,21DPENGBHL4
QD180230,21DPMTHSL7
QD180230,21DPPOL6
QD180430,21DPENGBHL2
QD180430,21DPBSMSL2
QD180430,21DPHIS2
QD180430,21DPMUSSL/HL
QD180430,21DPCHMSL2
QD180430,21DPTOK4
QD180430,21DPMTHSL4
QD180430,21DPPOL3
QD180430,21DPCHNALLHL3
QD180632,21DPCHMHL2
QD180632,21DPMTHSL3
QD180632,21DPPOL2
QD180632,21DPBIOSL2
QD180632,21DPHIS5
QD180632,21DPECOHL3
QD180632,21DPENGBHL3
QD180632,21DPCHNALLSL4
QD180632,21DPTOK7
QD180133,21DPECOHL1
QD180133,21DPMTHSL1
QD180133,21DPHIS8
QD180133,21DPCHNALLSL3
QD180133,21DPPOL5
QD180133,21DPBIOHL
QD180133,21DPCHMSL2
QD180133,21DPTOK4
QD180133,21DPENGBHL8
QD180511,21DPMTHSL2
QD180511,21DPTOK1
QD180511,21DPESSSL1
QD180511,21DPPOL2
QD180511,21DPECOHL4
QD180511,21DPCHMSL1
QD180511,21DPHIS3
QD180511,21DPCHNALLHL2
QD180511,21DPENGBHL8
QD180420,21DPCHMHL2
QD180420,21DPESSSL1
QD180420,21DPTOK2
QD180420,21DPECOHL4
QD180420,21DPCHNALLSL2
QD180420,21DPHIS4
QD180420,21DPENGBHL4
QD180420,21DPMTHSL5
QD180420,21DPPOL6
QD180321,21DPENGBHL1
QD180321,21DPPHYHL1
QD180321,21DPCHNALLSL3
QD180321,21DPPOL8
QD180321,21DPCMSSL
QD180321,21DPTOK8
QD180321,21DPMTHHL2
QD180321,21DPHISSL
QD180321,21DPHIS6
QD180413,21DPBSMSL1
QD180413,21DPPOL1
QD180413,21DPCHNALLHL1
QD180413,21DPECOHL4
QD180413,21DPPHYSL1
QD180413,21DPTOK7
QD180413,21DPENGBHL5
QD180413,21DPMTHSL7
QD180413,21DPHIS6
QD180507,21DPBSMSL1
QD180507,21DPHIS7
QD180507,21DPPHYHL1
QD180507,21DPCMSHL
QD180507,21DPENGASL2
QD180507,21DPTOK7
QD180507,21DPCHNALLSL2
QD180507,21DPPOL4
QD180507,21DPMTHHL3
QD180426,21DPENGBHL1
QD180426,21DPECOHL2
QD180426,21DPMUSSL/HL
QD180426,21DPPHYSL1
QD180426,21DPTOK3
QD180426,21DPCHNALLSL2
QD180426,21DPHIS4
QD180426,21DPMTHHL3
QD180531,21DPMTHSL2
QD180531,21DPTOK1
QD180531,21DPESSSL1
QD180531,21DPHIS8
QD180531,21DPARTSL|HL3
QD180531,21DPBSMHL
QD180531,21DPENGASL2
QD180531,21DPPOL3
QD180531,21DPCHNALHL2
QD180322,21DPBIOSL1
QD180322,21DPHIS1
QD180322,21DPCHMHL1
QD180322,21DPENGBHL7
QD180322,21DPECOHL3
QD180322,21DPMTHSL4
QD180322,21DPTOK3
QD180322,21DPCHNALLSL4
QD180322,21DPPOL6
QD180612,21DPENGBHL2
QD180612,21DPECOSL1
QD180612,21DPHIS2
QD180612,21DPCHMHL3
QD180612,21DPCHNALHL1
QD180612,21DPMTHSL6
QD180612,21DPTOK4
QD180612,21DPBIOSL3
QD180612,21DPPOL6
QD180603,21DPPSYSL
QD180603,21DPPOL1
QD180603,21DPCHMHL1
QD180603,21DPPHYSL2
QD180603,21DPHIS5
QD180603,21DPMTHHL2
QD180603,21DPENGBHL5
QD180603,21DPCHNALLSL4
QD180603,21DPTOK6
QD180327,21DPENGASL1
QD180327,21DPHIS7
QD180327,21DPPHYHL1
QD180327,21DPECOHL4
QD180327,21DPESSSL2
QD180327,21DPPOL4
QD180327,21DPCHNALHL1
QD180327,21DPMTHSL5
QD180327,21DPTOK7
QD180220,21DPENGASL1
QD180220,21DPHIS1
QD180220,21DPECOSL1
QD180220,21DPTOK2
QD180220,21DPCHMHL3
QD180220,21DPPHYHL2
QD180220,21DPCHNALLSL1
QD180220,21DPPOL3
QD180220,21DPMTHHL3
QD180333,21DPENGAHL
QD180113,21DPPSYSL
QD180113,21DPHIS7
QD180113,21DPENGAHL
QD180113,21DPTHTSL|HL
QD180113,21DPBIOHL
QD180113,21DPCHNALLHL2
QD180113,21DPMTHSL7
QD180113,21DPTOK6
QD180307,21DPECOHL1
QD180307,21DPBSMSL2
QD180307,21DPHIS2
QD180307,21DPPHYSL2
QD180307,21DPPOL8
QD180307,21DPCHNALLSL1
QD180307,21DPTOK7
QD180307,21DPENGBHL5
QD180307,21DPMTHHL3
QD180424,21DPENGBHL1
QD180424,21DPMTHSL3
QD180424,21DPHIS8
QD180424,21DPPHYSL2
QD180424,21DPTOK5
QD180424,21DPDTSL
QD180424,21DPPOL3
QD180424,21DPECOHL3
QD180424,21DPCHNALHL2
QD180131,21DPPSYSL
QD180131,21DPTOK1
QD180131,21DPCHNALLHL1
QD180131,21DPBIOSL2
QD180131,21DPPOL5
QD180131,21DPBSMHL
QD180131,21DPENGBHL3
QD180131,21DPMTHSL5
QD180131,21DPHIS6
QD180211,21DPPSYSL
QD180211,21DPPOL1
QD180211,21DPENGAHL
QD180211,21DPARTSL|HL3
QD180211,21DPCHNALHL1
QD180211,21DPMTHSL6
QD180211,21DPTOK8
QD180211,21DPBIOSL3
QD180211,21DPHIS6
QD180115,21DPENGBHL2
QD180115,21DPECOHL2
QD180115,21DPMUSSL/HL
QD180115,21DPCHMSL1
QD180115,21DPHIS3
QD180115,21DPMTHSL6
QD180115,21DPTOK8
QD180115,21DPCHNALHL2
QD180433,21DPMTHHL1
QD180433,21DPPHYHL1
QD180433,21DPCMSHL
QD180433,21DPCHNALSL2
QD180433,21DPHIS4
QD180433,21DPENGASL2
QD180433,21DPTOK7
QD180433,21DPHISSL
QD180433,21DPPOL6
QD180432,21DPMTHSL2
QD180432,21DPPOL1
QD180432,21DPARTSL|HL1
QD180432,21DPCHNALLSL3
QD180432,21DPHIS5
QD180432,21DPBIOHL
QD180432,21DPESSSL2
QD180432,21DPTOK4
QD180432,21DPENGBHL8
QD180201,21DPMTHHL1
QD180201,21DPECOSL1
QD180201,21DPPOL2
QD180201,21DPPHYSL2
QD180201,21DPTOK5
QD180201,21DPBIOHL
QD180201,21DPCHNALSL2
QD180201,21DPHIS4
QD180201,21DPENGBHL8
QD180310,21DPECOHL1
QD180310,21DPPHYHL1
QD180310,21DPCHNALSL1
QD180310,21DPPOL5
QD180310,21DPCMSSL
QD180310,21DPTOK4
QD180310,21DPENGASL2
QD180310,21DPHIS3
QD180310,21DPMTHHL3
QD180103,21DPPSYSL
QD180103,21DPHIS1
QD180103,21DPARTSL|HL1
QD180103,21DPENGBHL6
QD180103,21DPMTHHL2
QD180103,21DPPHYHL2
QD180103,21DPCHNALLSL4
QD180103,21DPTOK7
QD180621,21DPENGASL1
QD180621,21DPHIS7
QD180621,21DPPHYHL1
QD180621,21DPCMSHL
QD180621,21DPCHNALSL2
QD180621,21DPPOL4
QD180621,21DPMTHHL2
QD180621,21DPECOSL2
QD180621,21DPTOK7
QD180519,21DPCHNALHL1
QD180212,21DPPSYSL
QD180212,21DPTOK1
QD180212,21DPCHNALLHL1
QD180212,21DPTHTSL|HL
QD180212,21DPPHYSL1
QD180212,21DPHIS3
QD180212,21DPENGBHL5
QD180212,21DPMTHHL3
QD180101,21DPBSMSL1
QD180101,21DPHIS1
QD180101,21DPCHMHL1
QD180101,21DPENGBHL7
QD180101,21DPPHYSL1
QD180101,21DPTOK3
QD180101,21DPCHNALLSL2
QD180101,21DPPOL4
QD180101,21DPMTHHL3
QD180508,21DPMTHHL1
QD180508,21DPPHYHL1
QD180508,21DPENGBHL6
QD180508,21DPCMSSL
QD180508,21DPTOK8
QD180508,21DPCHNALLSL1
QD180508,21DPHIS3
QD180508,21DPECOSL2
QD180508,21DPPOL6
QD180210,21DPARTSL|HL2
QD180210,21DPMTHSL1
QD180210,21DPHIS2
QD180210,21DPCHNALSL1
QD180210,21DPPOL8
QD180210,21DPECOHL3
QD180210,21DPENGBHL4
QD180210,21DPBIOSL3
QD180210,21DPTOK6
QD180613,21DPPSYSL
QD180613,21DPPOL1
QD180613,21DPARTSL|HL1
QD180613,21DPBIOSL2
QD180613,21DPTOK5
QD180613,21DPMTHSL4
QD180613,21DPHIS3
QD180613,21DPENGBHL5
QD180613,21DPCHNALHL2
QD180504,21DPCHMHL2
QD180504,21DPECOSL1
QD180504,21DPHIS8
QD180504,21DPENGBHL7
QD180504,21DPCMSSL
QD180504,21DPPOL4
QD180504,21DPCHNALHL1
QD180504,21DPMTHSL7
QD180504,21DPTOK6
QD180515,21DPBIOSL1
QD180515,21DPHIS7
QD180515,21DPMTHSL3
QD180515,21DPPOL2
QD180515,21DPENGBHL6
QD180515,21DPBSMHL
QD180515,21DPCHMSL1
QD180515,21DPTOK7
QD180515,21DPCHNALLHL3
QD180312,21DPARTSL|HL2
QD180312,21DPBSMSL2
QD180312,21DPTOK2
QD180312,21DPBIOSL2
QD180312,21DPHIS5
QD180312,21DPMTHSL4
QD180312,21DPPOL3
QD180312,21DPENGBHL5
QD180312,21DPCHNALLSL4
QD180214,21DPMTHSL2
QD180214,21DPTOK1
QD180214,21DPENGAHL
QD180214,21DPTHTSL|HL
QD180214,21DPBIOHL
QD180214,21DPESSSL2
QD180214,21DPHIS4
QD180214,21DPCHNALLHL3
QD180207,21DPECOHL1
QD180207,21DPMTHSL1
QD180207,21DPHIS2
QD180207,21DPCHNALSL1
QD180207,21DPPOL5
QD180207,21DPBIOHL
QD180207,21DPCHMSL2
QD180207,21DPTOK4
QD180207,21DPENGBHL8
QD180231,21DPMTHSL2
QD180231,21DPHIS1
QD180231,21DPCHMHL1
QD180231,21DPPHYSL2
QD180231,21DPPOL8
QD180231,21DPCHNALHL1
QD180231,21DPENGBHL5
QD180231,21DPECOSL2
QD180231,21DPTOK7
QD180316,21DPPSYSL
QD180316,21DPPOL1
QD180316,21DPCHMHL1
QD180316,21DPCHNALLSL3
QD180316,21DPHIS5
QD180316,21DPMTHHL2
QD180316,21DPENGBHL5
QD180316,21DPBIOSL3
QD180316,21DPTOK6
QD180423,21DPENGBHL2
QD180423,21DPESSSL1
QD180423,21DPHIS8
QD180423,21DPCHNALLSL3
QD180423,21DPTOK5
QD180423,21DPBSMHL
QD180423,21DPBIOHL
QD180423,21DPMTHSL7
QD180423,21DPPOL6
QD180306,21DPBIOSL1
QD180306,21DPHIS7
QD180306,21DPCHNALLHL1
QD180306,21DPTHTSL|HL
QD180306,21DPBSMHL
QD180306,21DPENGBHL3
QD180306,21DPMTHSL5
QD180306,21DPTOK7
QD180303,21DPMTHHL1
QD180303,21DPECOHL2
QD180303,21DPMUSSL/HL
QD180303,21DPCMSSL
QD180303,21DPTOK8
QD180303,21DPCHNALLSL1
QD180303,21DPHIS3
QD180303,21DPENGBHL8
QD180127,21DPPSYSL
QD180127,21DPTOK1
QD180127,21DPCHNALLHL1
QD180127,21DPPHYSL2
QD180127,21DPPOL8
QD180127,21DPENGASL2
QD180127,21DPHIS3
QD180127,21DPECOHL3
QD180127,21DPMTHHL3
QD180215,21DPARTSL|HL2
QD180215,21DPECOHL2
QD180215,21DPCHMHL3
QD180215,21DPCHNALLSL2
QD180215,21DPTOK4
QD180215,21DPMTHSL4
QD180215,21DPPOL3
QD180215,21DPENGBHL8
QD180108,21DPMTHHL1
QD180108,21DPBSMSL2
QD180108,21DPPOL2
QD180108,21DPENGBHL6
QD180108,21DPCHNALLHL2
QD180108,21DPCHMSL1
QD180108,21DPTOK3
QD180108,21DPHISSL
QD180108,21DPHIS6
QD180415,21DPPSYSL
QD180415,21DPTOK1
QD180415,21DPMTHSL3
QD180415,21DPPOL2
QD180415,21DPENGBHL7
QD180415,21DPBSMHL
QD180415,21DPCHMSL1
QD180415,21DPHIS3
QD180415,21DPCHNALHL2
QD180102,21DPENGBHL1
QD180102,21DPMTHSL1
QD180102,21DPTOK2
QD180102,21DPPHYSL2
QD180102,21DPPOL5
QD180102,21DPBSMHL
QD180102,21DPCHNALHL1
QD180102,21DPHISSL
QD180102,21DPHIS6
QD180427,21DPBIOSL1
QD180427,21DPPOL1
QD180427,21DPMTHSL3
QD180427,21DPHIS2
QD180427,21DPARTSL|HL3
QD180427,21DPESSSL2
QD180427,21DPTOK8
QD180427,21DPENGBHL3
QD180427,21DPCHNALLHL3
QD180213,21DPCHMHL2
QD180213,21DPBSMSL2
QD180213,21DPHIS8
QD180213,21DPMUSSL/HL
QD180213,21DPCHNALSL2
QD180213,21DPPOL4
QD180213,21DPMTHHL2
QD180213,21DPENGBHL8
QD180223,21DPMTHSL2
QD180223,21DPHIS1
QD180223,21DPECOSL1
QD180223,21DPTOK2
QD180223,21DPENGBHL7
QD180223,21DPCMSSL
QD180223,21DPPOL4
QD180223,21DPBIOHL
QD180223,21DPCHNALHL2
QD180520,21DPENGASL1
QD180520,21DPHIS7
QD180520,21DPCHMHL1
QD180520,21DPFLMSL
QD180520,21DPTOK5
QD180520,21DPECOHL3
QD180520,21DPMTHSL4
QD180520,21DPPOL3
QD180520,21DPCHNALLHL3
