_id,Last Name,First Name,Block A,Block A2,Block B,Block B2,Block C,Block C2,Block D,Block D2,Block E,Block E2,Block F,Block F2
QD180422,Zhou,Andy,11,,9,,3,3,6,4,9,,3,2,
QD180106,Li,William,13,,13,,2,4,5,3,11,,1,2,
QD180313,Yang,Claudia,3,3,5,1,11,,11,,6,2,10,,
QD180132,Yuan,William,This student selected <Philosophy SL> which is not in course pool.
QD180311,Wang,Nancy,1,1,4,2,12,,9,,2,,3,3,
QD180501,Zhang,Eason,4,4,2,2,6,1,10,,1,,9,,
QD180314,Li,Yuki,6,,11,,10,,12,,5,1,6,3,
QD180601,Fu,James,2,2,13,,13,,2,1,10,,2,3,
QD180110,He,Jasmine,Failed to generate timetable (1). 50 attempts tried.
QD180619,Chen,Shirley,3,3,4,1,11,,13,,7,4,10,,
QD180616,Tang,Sabrina,3,1,9,,13,,3,2,10,,2,3,
QD180234,Lu,Natascha,12,,3,3,1,4,10,,6,4,12,,
QD180109,Du,Michelle,Failed to generate timetable (1). 50 attempts tried.
QD180122,Lu,Leo,2,4,13,,1,2,5,4,9,,12,,
QD180633,Chen,Jade,Failed to generate timetable (1). 50 attempts tried.
QD180401,Li,Alan,6,,2,4,10,,4,1,5,2,5,,
QD180635,Zhao,Florence,5,2,2,3,4,1,10,,12,,9,,
QD180608,Xiang,Oscar,5,3,2,2,3,1,12,,9,,9,,
QD180617,Pei,Zoey,5,4,1,1,12,,4,2,10,,10,,
QD180534,Cheng,Icey,5,2,3,4,12,,13,,9,,1,1,
QD180206,Zhao,Calvin,13,,13,,11,,4,4,5,3,2,2,
QD180317,Chen,Irene,11,,1,4,6,2,9,,10,,4,4,
QD180604,Mao,Justin,12,,1,3,6,4,9,,9,,2,2,
QD180318,Sun,Louis,10,,9,,3,3,11,,7,1,5,2,
QD180202,Xu,Kerry,Failed to generate timetable (1). 50 attempts tried.
QD180523,Wang,Eric,9,,2,3,5,2,6,1,12,,10,,
QD180205,Dong,Tony,9,,2,4,4,1,2,2,13,,12,,
QD180611,Chen,Jessica,11,,9,,13,,3,3,3,,11,,
QD180329,Jiang,Stella,12,,11,,6,2,1,1,7,3,11,,
QD180228,Lin,Cissy,2,1,9,,10,,6,3,11,,4,2,
QD180301,Wu,Eric,10,,5,2,3,3,12,,11,,1,1,
QD180309,Gu,Sean,2,3,12,,9,,6,2,6,1,11,,
QD180525,Chai,Charlie,9,,3,1,9,,13,,8,2,6,3,
QD180625,Cheng,Mike,1,4,2,1,1,2,12,,13,,12,,
QD180503,Sun,Eric,2,1,13,,13,,5,3,10,,1,2,
QD180620,Ding,Brady,5,2,13,,2,3,3,4,11,,10,,
QD180331,Zhang,Whitney,10,,9,,12,,3,3,1,,6,4,
QD180623,Pan,Barry,3,3,12,,13,,2,4,10,,4,2,
QD180222,Mo,Leo,13,,13,,10,,1,1,6,4,2,3,
QD180505,Qiu,Tom,This student selected <ChINESE NATIONAL CLASSES> which is not in course pool.
QD180526,Huang,William,13,,1,3,12,,4,4,5,2,11,,
QD180513,Yin,Jessica,9,,1,2,12,,2,3,12,,5,1,
QD180105,Wan,Neal,11,,3,4,9,,4,2,9,,6,4,
QD180602,Chen,Chase,12,,10,,1,3,3,2,3,,5,1,
QD180302,Wang,Jack,11,,3,4,4,1,2,2,10,,12,,
QD180218,Jin,Isabella,10,,11,,9,,5,1,7,3,6,2,
QD180510,Zhang,Shirley,2,2,12,,13,,10,,5,3,2,4,
QD180308,Shen,Jacky,13,,11,,4,4,10,,5,4,4,3,
QD180629,Gao,Alisa,4,4,4,1,3,2,9,,11,,11,,
QD180304,Chen,Jacky,9,,1,2,4,3,11,,4,1,12,,
QD180219,Wang,Shuding,10,,3,3,6,2,4,1,3,,10,,
QD180428,齐其格,Adelaide,5,1,11,,3,3,12,,9,,1,2,
QD180128,Tantai,Ada,10,,12,,6,2,2,4,7,3,2,,
QD180121,Qi,Harrison,This student selected <Philosophy SL> which is not in course pool.
QD180320,Xu,Promise,12,,11,,11,,1,3,7,1,5,2,
QD180216,Lin,Helena,4,3,9,,11,,3,4,11,,5,2,
QD180416,Wu,May,9,,2,1,3,3,9,,1,,6,2,
QD180518,He,Olivia,10,,12,,4,4,11,,4,4,6,3,
QD180412,Qiu,Yvonne,4,2,5,4,1,1,11,,12,,11,,
QD180431,Cheng,Cindy,13,,3,3,10,,11,,4,2,4,4,
QD180502,Jiang,Jason,1,1,11,,13,,12,,8,2,1,3,
QD180533,Tang,Lorna,2,4,12,,11,,6,2,6,1,10,,
QD180119,Luo,Claire,11,,5,2,10,,1,3,12,,4,1,
QD180330,Xu,Iris,3,3,6,,11,,9,,6,4,5,1,
QD180117,Huang,Michelle,4,1,12,,2,2,11,,4,3,12,,
QD180125,Zhu,Gabriella,4,2,4,4,10,,3,1,3,,10,,
QD180225,Zhou,Victoria,3,4,6,,11,,6,2,6,1,9,,
QD180124,Yao,Harry,3,3,1,2,6,,4,,4,1,11,,
QD180614,Zhang,Sherry,11,,10,,3,4,9,,6,4,6,3,
QD180628,Wang,Nicole,6,,1,3,10,,9,,12,,5,4,
QD180512,Hu,Holly,4,4,9,,6,2,4,1,11,,11,,
QD180404,Chen,Johnny,13,,11,,10,,5,4,7,2,1,3,
QD180529,Wang,Elena,11,,9,,6,1,3,3,9,,4,2,
QD180418,Zhang,Nadine,4,1,4,3,9,,11,,3,,11,,
QD180610,Pei,Amy,4,2,5,1,9,,10,,12,,3,3,
QD180403,Huang,Benson,13,,12,,1,4,10,,6,3,2,2,
QD180618,Zhang,Esther,1,4,4,2,12,,11,,12,,1,1,
QD180528,Lin,Jennifer,2,3,9,,11,,6,2,12,,4,4,
QD180408,Xiong,Eason,3,1,13,,5,3,10,,5,4,12,,
QD180208,Wang,Eddie,This student selected <ChINESE NATIONAL CLASSES> which is not in course pool.
QD180530,Wang,Carla,12,,2,1,10,,6,3,1,,10,,
QD180226,Yang,Cheryl,1,2,12,,12,,13,,5,3,6,4,
QD180112,Xia,Charlotte,1,2,3,4,12,,9,,11,,5,1,
QD180419,Guo,Cisy,3,3,5,1,3,2,10,,11,,9,,
QD180232,Yu,Katy,13,,1,2,2,1,12,,13,,1,3,
QD180514,Wu,Kelly,5,1,2,3,12,,4,2,10,,9,,
QD180324,Hu,Edward,11,,13,,1,3,5,1,10,,5,2,
QD180429,Xia,Amber,2,4,6,,11,,6,4,12,,10,,
QD180114,Yao,Charlotte,9,,1,4,13,,3,1,3,,10,,
QD180606,Hu,Terry,5,4,11,,9,,4,1,9,,3,2,
QD180319,Chen,Feier,5,3,9,,4,4,11,,9,,4,2,
QD180631,Song,Nina,2,2,11,,6,1,9,,10,,4,3,
QD180407,Shu,Tim,6,,5,4,11,,9,,7,2,3,1,
QD180615,Guo,Esther,5,1,9,,4,3,10,,2,,3,2,
QD180227,Gao,Jennifer,4,4,4,1,3,2,10,,11,,10,,
QD180406,Jiang,Michael,11,,4,3,3,4,12,,5,4,11,,
QD180204,Zhang,Josh,1,2,2,4,12,,6,4,12,,9,,
QD180627,Du,Sherry,12,,11,,2,1,2,2,7,3,12,,
QD180326,Wu,Roy,9,,6,,4,1,9,,11,,6,3,
QD180421,Qu,James,11,,1,2,2,3,12,,5,1,12,,
QD180414,Zhu,Sarah,10,,11,,9,,4,3,2,,6,4,
QD180203,Xu,Albert,This student selected <CHINESE NATIONAL CLASSES> which is not in course pool.
QD180410,Yang,Jenny,1,3,11,,12,,2,1,2,,12,,
QD180524,Tan,Calvin,Failed to generate timetable (1). 50 attempts tried.
QD180535,Liu,Anthony,11,,9,,2,2,5,4,2,,12,,
QD180411,Ge,Gloria,10,,13,,13,,2,3,1,,2,4,
QD180517,Chen,Renae,2,1,12,,1,3,11,,9,,5,2,
QD180425,Yao,Alex,4,1,5,2,5,,10,,5,3,2,,
QD170120,Jiang,Divina,13,,10,,4,4,9,,6,2,3,3,
QD180536,Lin,Oscar,6,,10,,6,4,2,2,11,,4,3,
QD180626,Zhang,Noyes,3,4,13,,13,,4,2,4,1,11,,
QD180217,Zhou,Serah,5,3,6,,10,,9,,6,2,2,1,
QD180129,Liang,Serena,12,,1,3,6,2,1,4,3,,11,,
QD180417,Jin,Julia,2,2,12,,10,,6,3,1,,10,,
QD180123,Liu,Eric,1,3,13,,13,,1,1,13,,2,2,
QD180402,Yu,Jay,3,2,10,,13,,11,,7,1,1,3,
QD180634,Hu,Tommy,13,,1,1,5,3,12,,4,4,11,,
QD180516,Zhu,Carol,4,1,12,,11,,11,,4,4,6,3,
QD180409,Ni,Daniel,12,,4,3,1,1,11,,7,2,11,,
QD180609,Zhan,Stuart,13,,11,,3,2,1,1,7,3,11,,
QD180118,Zhao,Christina,12,,3,4,12,,6,2,10,,1,1,
QD180334,Sheng,Annie,6,,2,1,3,3,6,2,10,,10,,
QD180130,Zhong,Olivia,2,4,10,,9,,6,4,1,,4,2,
QD180532,Xia,Claire,6,,2,2,6,4,10,,12,,10,,
QD180509,Ye,Tony,4,3,1,1,13,,12,,5,2,11,,
QD180233,Song,Frank,This student selected <ChINESE NATIONAL CLASSES> which is not in course pool.
QD180521,Sun,Jeff,12,,5,2,11,,5,3,11,,1,4,
QD180522,Wu,Marvin,13,,13,,1,3,5,4,9,,2,2,
QD180104,Dong,Sam,2,1,13,,1,2,5,3,10,,12,,
QD180107,Xu,Peter,12,,11,,10,,2,2,6,1,5,3,
QD180305,Huang,Patric,13,,11,,4,2,5,1,5,3,11,,
QD180323,Zhao,Leo,9,,4,3,1,1,13,,12,,4,2,
QD180630,Zhou,Cathy,11,,9,,4,4,10,,2,,6,3,
QD180607,Zhang,Ethan,12,,10,,13,,1,3,2,,2,1,
QD180116,Hua,Amy,5,2,1,4,12,,3,4,9,,10,,
QD180527,Ren,Ron,5,4,2,1,4,2,10,,12,,9,,
QD180209,Feng,Peter,13,,12,,2,1,12,,4,4,2,3,
QD180230,Shao,Elena,2,3,6,,11,,9,,7,1,5,2,
QD180430,Du,Judy,10,,1,3,6,2,4,1,2,,10,,
QD180632,Gao,Christine,12,,5,2,10,,11,,6,3,1,4,
QD180133,Kim,Jessica,11,,4,4,12,,4,1,5,2,11,,
QD180511,Hu,Jenny,5,1,3,2,3,3,9,,11,,11,,
QD180420,Feng,Sylvia,12,,3,1,11,,2,3,11,,6,2,
QD180321,Shen,Nick,9,,13,,13,,5,4,5,4,3,3,
QD180413,Li,Elena,2,2,9,,4,4,10,,11,,5,3,
QD180507,Wang,Stanley,2,4,13,,2,4,2,2,13,,12,,
QD180426,Yu,Yorick,9,,11,,4,1,2,3,2,,12,,
QD180531,Lin,Lucy,5,1,3,4,2,2,13,,1,,9,,
QD180322,Tian,Louis,4,3,12,,6,1,11,,10,,1,2,
QD180612,He,Jessica,10,,2,3,9,,6,1,12,,4,2,
QD180603,Ye,Nick,3,2,12,,13,,10,,7,3,1,1,
QD180327,Cheng,Katherine,1,4,13,,9,,3,2,11,,6,4,
QD180220,Shen,Albert,1,3,2,1,1,2,12,,12,,12,,
QD180333,Hu,Michael,This student selected <s2> which is not in course pool.
QD180113,Xu,Luna,3,4,10,,12,,9,,3,,5,1,
QD180307,Chen,Eric,11,,1,3,1,4,10,,7,4,12,,
QD180424,Peng,Neil,9,,5,4,5,2,11,,7,1,9,,
QD180131,Yu,Mary,3,1,9,,10,,13,,6,2,6,3,
QD180211,Shen,Eunice,3,2,10,,9,,6,4,1,,4,3,
QD180115,Hu,Emily,10,,11,,3,3,6,4,2,,9,,
QD180433,李志行,Antonio,13,,13,,2,4,1,3,13,,3,2,
QD180432,Li,Elaine,5,2,6,,12,,3,1,5,3,11,,
QD180201,Lin,Jimmy,13,,2,2,12,,1,3,7,1,11,,
QD180310,Wang,Celeste,11,,13,,2,3,5,1,4,2,12,,
QD180103,Wang,Alex,3,3,6,,13,,12,,9,,1,4,
QD180405,Liang,Robbie,Failed to generate timetable (1). 50 attempts tried.
QD180621,chen,Boe,1,4,13,,13,,1,2,13,,2,4,
QD180519,Zhu,Jenny,This student selected <ChINESE NATIONAL CLASSES> which is not in course pool.
QD180212,Hua,Yuri,3,1,9,,4,3,10,,3,,12,,
QD180101,Ni,Eddie,2,3,12,,4,1,2,2,10,,12,,
QD180508,Wang,David,13,,13,,1,3,5,4,9,,2,2,
QD180210,Mao,Angela,6,,4,3,11,,11,,4,4,4,1,
QD180613,Liu,Leah,3,2,6,,6,3,10,,6,1,9,,
QD180504,Li,Arthur,12,,2,4,9,,5,2,10,,5,1,
QD180515,Zhao,Ariel,4,4,5,2,3,4,13,,9,,10,,
QD180126,Wang,Mindy,Failed to generate timetable (1). 50 attempts tried.
QD180312,Lin,Lyndsey,6,,1,1,6,2,10,,6,3,1,,
QD180214,Li,Dora,5,1,10,,12,,3,3,3,,10,,
QD180207,Liu,Jeff,11,,4,3,12,,4,1,4,2,11,,
QD180231,Li,Ellie,5,3,12,,9,,10,,7,4,2,4,
QD180316,Gui,Daisy,3,2,12,,13,,10,,5,3,4,1,
QD180423,Ge,Christopher,10,,3,4,12,,13,,5,1,5,2,
QD180111,Gu,Heidi,Failed to generate timetable (1). 50 attempts tried.
QD180306,Wang,James,4,4,9,,10,,13,,3,,6,4,
QD180303,Zhu,Felix,13,,11,,1,3,5,4,2,,11,,
QD180127,Zhang,Julie,3,1,9,,2,3,11,,7,4,12,,
QD180215,Wu,Yuki,6,,11,,6,2,2,1,12,,11,,
QD180108,Zhang,Jason,13,,1,2,3,1,9,,9,,3,3,
QD180415,Zou,Aeris,3,1,5,2,3,3,13,,10,,9,,
QD180102,Luo,Jack,9,,4,1,9,,13,,7,2,3,3,
QD180427,Lin,Maggie,4,2,5,3,10,,3,4,1,,10,,
QD180213,Yang,Jessica,12,,1,4,13,,1,2,2,,11,,
QD180223,Xu,Jonathan,5,3,2,1,12,,5,2,10,,9,,
QD180520,Zhang,Cleo,1,4,12,,6,2,11,,8,1,10,,
