CourseId,Course Name,Student ID,First Name,Last Name
22HSENG1,ENG 1,QD190314,Jessie,Zhao
22HSENG1,ENG 1,QD190220,Jack,Chen
22HSENG1,ENG 1,QD190422,Sean,Zhang
22HSENG1,ENG 1,QD190129,Ashley,Zhang
22HSENG1,ENG 1,QD190311,Max,Li
22HSENG1,ENG 1,QD190308,Angus,Qiu
22HSENG1,ENG 1,QD190430,Elsie,Peng
22HSENG1,ENG 1,QD190309,Eric,Yuan
22HSENG1,ENG 1,QD190114,Cindy,Cao
22HSENG1,ENG 1,QD190218,Eva,Ji
22HSENG1,ENG 1,QD190431,Tina,Xue
22HSENG1,ENG 1,QD180632,Christine,Gao
22HSENG1,ENG 1,QD190434,Taimei,Wang
22HSENG1,ENG 1,QD190127,Sam,Luo
22HSENG1,ENG 1,QD190501,Richard,Li
22HSENG1,ENG 1,QD190229,Julia,Hu
22HSENG1,ENG 1,QD190609,Tony,She
22HSENG1,ENG 1,QD190103,James,Song
22HSENG1,ENG 1,QD190233,Watson,Liang
22HSENG1,ENG 1,QD190112,Clara,Wu
22HSENG1,ENG 1,QD190210,Ivan,Chen
22HSENG1,ENG 1,QD190231,Daisy,Ma
22HSENG1,ENG 1,QD190232,Claire,Meng
