CourseId,Course Name,Student ID,First Name,Last Name
22HSPHY3,PHY 3,QD190608,Jerry,Zhou
22HSPHY3,PHY 3,QD190617,Evangeline,Wang
22HSPHY3,PHY 3,QD190409,Christo,Shen
22HSPHY3,PHY 3,QD180128,Ada,Tantai
22HSPHY3,PHY 3,QD190508,James,Yao
22HSPHY3,PHY 3,QD190329,Amber,Li
22HSPHY3,PHY 3,QD190605,Bruce,Zhang
22HSPHY3,PHY 3,QD190423,Louis,Lv
22HSPHY3,PHY 3,QD190522,Tony,Hu
22HSPHY3,PHY 3,QD190123,Vera,Chen
22HSPHY3,PHY 3,QD190104,Henry,Gao
22HSPHY3,PHY 3,QD190431,Tina,Xue
22HSPHY3,PHY 3,QD190515,Rita,Li
22HSPHY3,PHY 3,QD190331,Eva,Lu
22HSPHY3,PHY 3,QD190416,Emily,Xia
22HSPHY3,PHY 3,QD190632,Eric,Wu
22HSPHY3,PHY 3,QD190122,Sarah,Chen
22HSPHY3,PHY 3,QD190405,Owen,Wang
22HSPHY3,PHY 3,QD190307,Fred,Pan
22HSPHY3,PHY 3,QD190621,James,Zhang
22HSPHY3,PHY 3,QD190210,Ivan,Chen
22HSPHY3,PHY 3,QD190204,Lucien,
22HSPHY3,PHY 3,QD190407,Steven,Shi
