CourseId,Course Name,Student ID,First Name,Last Name
22HSAENG3,A ENG 3,QD190608,Jerry,Zhou
22HSAENG3,A ENG 3,QD190109,Clara,Zhang
22HSAENG3,A ENG 3,QD190428,Leticia,Wang
22HSAENG3,A ENG 3,QD190513,Cindy,Huang
22HSAENG3,A ENG 3,QD190426,Marjorie,
22HSAENG3,A ENG 3,QD190230,Susie,Chen
22HSAENG3,A ENG 3,QD190119,Alex,Wang
22HSAENG3,A ENG 3,QD190128,Raymond,Cao
22HSAENG3,A ENG 3,QD190117,Lizzy,Chen
22HSAENG3,A ENG 3,QD190505,Jerry,Yao
22HSAENG3,A ENG 3,QD190613,Arestia,Chen
22HSAENG3,A ENG 3,QD190424,Olivia,Wang
22HSAENG3,A ENG 3,QD190324,Leo,Gu
22HSAENG3,A ENG 3,QD190126,Emma,Lu
22HSAENG3,A ENG 3,QD190316,Liana,Shen
22HSAENG3,A ENG 3,QD190207,Alanzo,Jiang
22HSAENG3,A ENG 3,QD190318,Lily,Fan
