CourseId,Course Name,Student ID,First Name,Last Name
22HSART4,ART 4,QD190223,Charlie,Peng
22HSART4,ART 4,QD190622,Johnson,An
22HSART4,ART 4,QD190628,Iris,Ding
22HSART4,ART 4,QD190531,Wendy,Zheng
22HSART4,ART 4,QD190222,Alfred,Lyu
22HSART4,ART 4,QD190410,Jim,Xu
22HSART4,ART 4,QD190306,Steven,Shen
22HSART4,ART 4,QD190208,Eason,Lu
22HSART4,ART 4,QD190107,Leo,Feng
22HSART4,ART 4,QD190427,Emily,Wang
22HSART4,ART 4,QD190434,Taimei,Wang
22HSART4,ART 4,QD190217,Noemie,Feng
22HSART4,ART 4,QD190320,Peter,Xu
22HSART4,ART 4,QD190403,Leon,Zhang
