CourseId,Course Name,Student ID,First Name,Last Name
22HSENG5,ENG 5,QD190608,Jerry,Zhou
22HSENG5,ENG 5,QD190109,Clara,Zhang
22HSENG5,ENG 5,QD190211,Megan,Chen
22HSENG5,ENG 5,QD190426,Marjorie,
22HSENG5,ENG 5,QD190319,Rachel,Chen
22HSENG5,ENG 5,QD190315,Ariana,Ren
22HSENG5,ENG 5,QD190605,Bruce,Zhang
22HSENG5,ENG 5,QD190125,Aurora,Chen
22HSENG5,ENG 5,QD190310,Selina,Xue
22HSENG5,ENG 5,QD190411,Sonia,Zhang
22HSENG5,ENG 5,QD190111,Elaine,Wang
22HSENG5,ENG 5,QD190118,Lora,Luo
22HSENG5,ENG 5,QD190208,Eason,Lu
22HSENG5,ENG 5,QD190107,Leo,Feng
22HSENG5,ENG 5,QD190305,Eddy,Liu
22HSENG5,ENG 5,QD190424,Olivia,Wang
22HSENG5,ENG 5,QD190227,Cindy,Chen
22HSENG5,ENG 5,QD190324,Leo,Gu
22HSENG5,ENG 5,QD190307,Fred,Pan
22HSENG5,ENG 5,QD190533,Christine,Zhou
22HSENG5,ENG 5,QD190115,Cathy,
22HSENG5,ENG 5,QD190207,Alanzo,Jiang
22HSENG5,ENG 5,QD190318,Lily,Fan
22HSENG5,ENG 5,QD190502,Eason,Sun
22HSENG5,ENG 5,QD190631,Anna,jiang
