CourseId,Course Name,Student ID,First Name,Last Name
22HSCHM5,CHM 5,QD190223,Charlie,Peng
22HSCHM5,CHM 5,QD190205,Bronnie,He
22HSCHM5,CHM 5,QD190209,Fred,Fang
22HSCHM5,CHM 5,QD180128,Ada,Tantai
22HSCHM5,CHM 5,QD190508,James,Yao
22HSCHM5,CHM 5,QD190311,Max,Li
22HSCHM5,CHM 5,QD190203,Jerry,Li
22HSCHM5,CHM 5,QD190411,Sonia,Zhang
22HSCHM5,CHM 5,QD190529,Linda,Pan
22HSCHM5,CHM 5,QD190111,Elaine,Wang
22HSCHM5,CHM 5,QD190532,Hongwei,Zhang
22HSCHM5,CHM 5,QD190331,Eva,Lu
22HSCHM5,CHM 5,QD190333,Eric,Zhao
22HSCHM5,CHM 5,QD190434,Taimei,Wang
22HSCHM5,CHM 5,QD190307,Fred,Pan
22HSCHM5,CHM 5,QD190214,Kiki,Lian
22HSCHM5,CHM 5,QD190630,Bill,Zhang
22HSCHM5,CHM 5,QD190533,Christine,Zhou
22HSCHM5,CHM 5,QD190432,Amy,Zhang
22HSCHM5,CHM 5,QD190318,Lily,Fan
22HSCHM5,CHM 5,QD190313,Iris,Li
