CourseId,Course Name,Student ID,First Name,Last Name
22HSAENG7,A ENG 7,QD190223,Charlie,Peng
22HSAENG7,A ENG 7,QD190622,Johnson,An
22HSAENG7,A ENG 7,QD190628,Iris,Ding
22HSAENG7,A ENG 7,QD190531,Wendy,Zheng
22HSAENG7,A ENG 7,QD190222,Alfred,Lyu
22HSAENG7,A ENG 7,QD190410,Jim,Xu
22HSAENG7,A ENG 7,QD190306,Steven,Shen
22HSAENG7,A ENG 7,QD190208,Eason,Lu
22HSAENG7,A ENG 7,QD190107,Leo,Feng
22HSAENG7,A ENG 7,QD190427,Emily,Wang
22HSAENG7,A ENG 7,QD190434,Taimei,Wang
22HSAENG7,A ENG 7,QD190217,Noemie,Feng
22HSAENG7,A ENG 7,QD190320,Peter,Xu
22HSAENG7,A ENG 7,QD190403,Leon,Zhang
