CourseId,Course Name,Student ID,First Name,Last Name
22HSAENG5,A ENG 5,QD190102,Skye,Qiu
22HSAENG5,A ENG 5,QD190314,Jessie,Zhao
22HSAENG5,A ENG 5,QD190317,Alyssa,Wang
22HSAENG5,A ENG 5,QD190220,Jack,Chen
22HSAENG5,A ENG 5,QD190514,Lisa,Li
22HSAENG5,A ENG 5,QD190203,Jerry,Li
22HSAENG5,A ENG 5,QD190328,Carina,Lv
22HSAENG5,A ENG 5,QD190106,Kevin,Bao
22HSAENG5,A ENG 5,QD190431,Tina,Xue
22HSAENG5,A ENG 5,QD190331,Eva,Lu
22HSAENG5,A ENG 5,QD190214,Kiki,Lian
22HSAENG5,A ENG 5,QD190412,Raina,Tang
22HSAENG5,A ENG 5,QD190116,Emily,Chen
22HSAENG5,A ENG 5,QD190120,Henry,Luo
22HSAENG5,A ENG 5,QD190210,Ivan,Chen
22HSAENG5,A ENG 5,QD190231,Daisy,Ma
22HSAENG5,A ENG 5,QD190516,Angel,Liu
22HSAENG5,A ENG 5,QD190105,Alex,Gu
