CourseId,Course Name,Student ID,First Name,Last Name
22HSPOL6,POL 6,QD190102,Skye,Qiu
22HSPOL6,POL 6,QD190625,Elva,Yao
22HSPOL6,POL 6,QD190124,Skyler,Chen
22HSPOL6,POL 6,QD190524,Jerry,
22HSPOL6,POL 6,QD190110,Ella,
22HSPOL6,POL 6,QD190308,Angus,Qiu
22HSPOL6,POL 6,QD190310,Selina,Xue
22HSPOL6,POL 6,QD190303,Jacky,Fu
22HSPOL6,POL 6,QD190529,Linda,Pan
22HSPOL6,POL 6,QD190410,Jim,Xu
22HSPOL6,POL 6,QD190101,Robin,Fu
22HSPOL6,POL 6,QD190306,Steven,Shen
22HSPOL6,POL 6,QD190304,Jerry,Wang
22HSPOL6,POL 6,QD190427,Emily,Wang
22HSPOL6,POL 6,QD190604,Max,Xiao
22HSPOL6,POL 6,QD190501,Richard,Li
22HSPOL6,POL 6,QD190630,Bill,Zhang
22HSPOL6,POL 6,QD190609,Tony,She
22HSPOL6,POL 6,QD190412,Raina,Tang
22HSPOL6,POL 6,QD190320,Peter,Xu
22HSPOL6,POL 6,QD190313,Iris,Li
22HSPOL6,POL 6,QD190403,Leon,Zhang
22HSPOL6,POL 6,QD190631,Anna,jiang
