CourseId,Course Name,Student ID,First Name,Last Name
22HSESS,EM,QD190314,Jessie,Zhao
22HSESS,EM,QD190327,Chloe,Liu
22HSESS,EM,QD190426,Marjorie,
22HSESS,EM,QD190514,Lisa,Li
22HSESS,EM,QD190329,Amber,Li
22HSESS,EM,QD190421,Eriksen,He
22HSESS,EM,QD190302,Alvin,Zhang
22HSESS,EM,QD190230,Susie,Chen
22HSESS,EM,QD190430,Elsie,Peng
22HSESS,EM,QD190215,Gloria,Wang
22HSESS,EM,QD190328,Carina,Lv
22HSESS,EM,QD190125,Aurora,Chen
22HSESS,EM,QD190106,Kevin,Bao
22HSESS,EM,QD190623,Nancy,Yu
22HSESS,EM,QD190128,Raymond,Cao
22HSESS,EM,QD190208,Eason,Lu
22HSESS,EM,QD190626,Christina,Zhang
22HSESS,EM,QD190505,Jerry,Yao
22HSESS,EM,QD190503,Jason,Zhu
22HSESS,EM,QD190632,Eric,Wu
22HSESS,EM,QD180601,James,Fu
22HSESS,EM,QD190116,Emily,Chen
22HSESS,EM,QD190419,Ella,Kuai
22HSESS,EM,QD190126,Emma,Lu
22HSESS,EM,QD190316,Liana,Shen
22HSESS,EM,QD190610,Nico,Jiang
22HSESS,EM,QD190232,Claire,Meng
