CourseId,Course Name,Student ID,First Name,Last Name
22HSPOL2,POL 2,QD190223,Charlie,Peng
22HSPOL2,POL 2,QD190401,Gordon,Guo
22HSPOL2,POL 2,QD190525,Linfei,Xu
22HSPOL2,POL 2,QD190601,Carus,He
22HSPOL2,POL 2,QD190209,Fred,Fang
22HSPOL2,POL 2,QD190319,Rachel,Chen
22HSPOL2,POL 2,QD190628,Iris,Ding
22HSPOL2,POL 2,QD190421,Eriksen,He
22HSPOL2,POL 2,QD190302,Alvin,Zhang
22HSPOL2,POL 2,QD190215,Gloria,Wang
22HSPOL2,POL 2,QD190222,Alfred,Lyu
22HSPOL2,POL 2,QD190121,Jerry,Zhu
22HSPOL2,POL 2,QD190218,Eva,Ji
22HSPOL2,POL 2,QD190415,Annie,Wu
22HSPOL2,POL 2,QD190128,Raymond,Cao
22HSPOL2,POL 2,QD190532,Hongwei,Zhang
22HSPOL2,POL 2,QD190117,Lizzy,Chen
22HSPOL2,POL 2,QD190613,Arestia,Chen
22HSPOL2,POL 2,QD190107,Leo,Feng
22HSPOL2,POL 2,QD190414,Luna,Zong
22HSPOL2,POL 2,QD190305,Eddy,Liu
22HSPOL2,POL 2,QD190127,Sam,Luo
22HSPOL2,POL 2,QD190234,Leo,Zeng
22HSPOL2,POL 2,QD190330,Ariel,Duan
22HSPOL2,POL 2,QD190126,Emma,Lu
22HSPOL2,POL 2,QD190233,Watson,Liang
22HSPOL2,POL 2,QD190432,Amy,Zhang
22HSPOL2,POL 2,QD190610,Nico,Jiang
22HSPOL2,POL 2,QD190408,Chris,Wang
22HSPOL2,POL 2,QD190502,Eason,Sun
22HSPOL2,POL 2,QD190232,Claire,Meng
