CourseId,Course Name,Student ID,First Name,Last Name
22HSGEO3,GEO 3,QD190102,Skye,Qiu
22HSGEO3,GEO 3,QD190317,Alyssa,Wang
22HSGEO3,GEO 3,QD190409,Christo,Shen
22HSGEO3,GEO 3,QD190209,Fred,Fang
22HSGEO3,GEO 3,QD190110,Ella,
22HSGEO3,GEO 3,QD190315,Ariana,Ren
22HSGEO3,GEO 3,QD190302,Alvin,Zhang
22HSGEO3,GEO 3,QD190607,Ricky,Zheng
22HSGEO3,GEO 3,QD190123,Vera,Chen
22HSGEO3,GEO 3,QD190410,Jim,Xu
22HSGEO3,GEO 3,QD190611,Jane,Xu
22HSGEO3,GEO 3,QD190528,Joyce,Fan
22HSGEO3,GEO 3,QD190202,Henry,Dong
22HSGEO3,GEO 3,QD190107,Leo,Feng
22HSGEO3,GEO 3,QD190414,Luna,Zong
22HSGEO3,GEO 3,QD190227,Cindy,Chen
22HSGEO3,GEO 3,QD180601,James,Fu
22HSGEO3,GEO 3,QD190521,Jackey,Deng
22HSGEO3,GEO 3,QD190221,Tom,Lin
22HSGEO3,GEO 3,QD190412,Raina,Tang
22HSGEO3,GEO 3,QD190610,Nico,Jiang
22HSGEO3,GEO 3,QD190407,Steven,Shi
22HSGEO3,GEO 3,QD190404,Tony,Liu
