CourseId,Course Name,Student ID,First Name,Last Name
22HSTHT2,THT 2,QD190617,Evangeline,Wang
22HSTHT2,THT 2,QD190130,Cindy,Luo
22HSTHT2,THT 2,QD190124,Skyler,Chen
22HSTHT2,THT 2,QD190601,Carus,He
22HSTHT2,THT 2,QD190110,Ella,
22HSTHT2,THT 2,QD190310,Selina,Xue
22HSTHT2,THT 2,QD190218,Eva,Ji
22HSTHT2,THT 2,QD190515,Rita,Li
22HSTHT2,THT 2,QD180632,Christine,Gao
22HSTHT2,THT 2,QD190518,Mela,Shen
22HSTHT2,THT 2,QD190206,Hance,Hu
22HSTHT2,THT 2,QD190227,Cindy,Chen
22HSTHT2,THT 2,QD190630,Bill,Zhang
22HSTHT2,THT 2,QD190533,Christine,Zhou
22HSTHT2,THT 2,QD190432,Amy,Zhang
22HSTHT2,THT 2,QD190325,Coco,Lin
22HSTHT2,THT 2,QD190313,Iris,Li
22HSTHT2,THT 2,QD190407,Steven,Shi
