CourseId,Course Name,Student ID,First Name,Last Name
22HSPE1,PE 1,QD190109,Clara,Zhang
22HSPE1,PE 1,QD190525,Linfei,Xu
22HSPE1,PE 1,QD190209,Fred,Fang
22HSPE1,PE 1,QD190332,Frank,Wang
22HSPE1,PE 1,QD190612,Rachel,Zeng
22HSPE1,PE 1,QD190329,Amber,Li
22HSPE1,PE 1,QD190423,Louis,Lv
22HSPE1,PE 1,QD190222,Alfred,Lyu
22HSPE1,PE 1,QD190104,Henry,Gao
22HSPE1,PE 1,QD190431,Tina,Xue
22HSPE1,PE 1,QD190613,Arestia,Chen
22HSPE1,PE 1,QD190503,Jason,Zhu
22HSPE1,PE 1,QD190427,Emily,Wang
22HSPE1,PE 1,QD190434,Taimei,Wang
22HSPE1,PE 1,QD190604,Max,Xiao
22HSPE1,PE 1,QD190127,Sam,Luo
22HSPE1,PE 1,QD190501,Richard,Li
22HSPE1,PE 1,QD190221,Tom,Lin
22HSPE1,PE 1,QD190609,Tony,She
22HSPE1,PE 1,QD190217,Noemie,Feng
22HSPE1,PE 1,QD190112,Clara,Wu
22HSPE1,PE 1,QD190316,Liana,Shen
22HSPE1,PE 1,QD190318,Lily,Fan
22HSPE1,PE 1,QD190403,Leon,Zhang
22HSPE1,PE 1,QD190516,Angel,Liu
22HSPE1,PE 1,QD190212,Chloe,Cheng
22HSPE1,PE 1,QD190608,Jerry,Zhou
22HSPE1,PE 1,QD190625,Elva,Yao
22HSPE1,PE 1,QD190205,Bronnie,He
22HSPE1,PE 1,QD190220,Jack,Chen
22HSPE1,PE 1,QD190524,Jerry,
22HSPE1,PE 1,QD190627,Bella,Zhang
22HSPE1,PE 1,QD190315,Ariana,Ren
22HSPE1,PE 1,QD190421,Eriksen,He
22HSPE1,PE 1,QD190302,Alvin,Zhang
22HSPE1,PE 1,QD190230,Susie,Chen
22HSPE1,PE 1,QD190203,Jerry,Li
22HSPE1,PE 1,QD190433,Jerry,Luo
22HSPE1,PE 1,QD190603,Ryan,Li
22HSPE1,PE 1,QD190415,Annie,Wu
22HSPE1,PE 1,QD190629,Judy,Zhou
22HSPE1,PE 1,QD190306,Steven,Shen
22HSPE1,PE 1,QD190331,Eva,Lu
22HSPE1,PE 1,QD190107,Leo,Feng
22HSPE1,PE 1,QD190307,Fred,Pan
22HSPE1,PE 1,QD190412,Raina,Tang
22HSPE1,PE 1,QD190126,Emma,Lu
22HSPE1,PE 1,QD190402,Justin,Tang
22HSPE1,PE 1,QD190210,Ivan,Chen
22HSPE1,PE 1,QD190408,Chris,Wang
22HSPE1,PE 1,QD190502,Eason,Sun
22HSPE1,PE 1,QD190232,Claire,Meng
