CourseId,Course Name,Student ID,First Name,Last Name
22HSENG6,ENG 6,QD190223,Charlie,Peng
22HSENG6,ENG 6,QD190225,Emily,Dai
22HSENG6,ENG 6,QD190205,Bronnie,He
22HSENG6,ENG 6,QD190525,Linfei,Xu
22HSENG6,ENG 6,QD190110,Ella,
22HSENG6,ENG 6,QD190628,Iris,Ding
22HSENG6,ENG 6,QD190302,Alvin,Zhang
22HSENG6,ENG 6,QD190321,Oliver,Liu
22HSENG6,ENG 6,QD190216,Robin,Cui
22HSENG6,ENG 6,QD190119,Alex,Wang
22HSENG6,ENG 6,QD190101,Robin,Fu
22HSENG6,ENG 6,QD190128,Raymond,Cao
22HSENG6,ENG 6,QD190425,Skye,Li
22HSENG6,ENG 6,QD190505,Jerry,Yao
22HSENG6,ENG 6,QD190427,Emily,Wang
22HSENG6,ENG 6,QD190504,Tony,Zhu
22HSENG6,ENG 6,QD190604,Max,Xiao
22HSENG6,ENG 6,QD190420,Gigi,Zhang
22HSENG6,ENG 6,QD190521,Jackey,Deng
22HSENG6,ENG 6,QD190523,Hans,Zhang
22HSENG6,ENG 6,QD190320,Peter,Xu
22HSENG6,ENG 6,QD190316,Liana,Shen
22HSENG6,ENG 6,QD190313,Iris,Li
22HSENG6,ENG 6,QD190404,Tony,Liu
