CourseId,Course Name,Student ID,First Name,Last Name
22HSBIO1,BIO 1,QD190225,Emily,Dai
22HSBIO1,BIO 1,QD190109,Clara,Zhang
22HSBIO1,BIO 1,QD190130,Cindy,Luo
22HSBIO1,BIO 1,QD190520,Jack,Wu
22HSBIO1,BIO 1,QD190612,Rachel,Zeng
22HSBIO1,BIO 1,QD190301,Luke,Gao
22HSBIO1,BIO 1,QD190203,Jerry,Li
22HSBIO1,BIO 1,QD190328,Carina,Lv
22HSBIO1,BIO 1,QD190106,Kevin,Bao
22HSBIO1,BIO 1,QD190512,Yolanda,Li
22HSBIO1,BIO 1,QD190611,Jane,Xu
22HSBIO1,BIO 1,QD180632,Christine,Gao
22HSBIO1,BIO 1,QD190206,Hance,Hu
22HSBIO1,BIO 1,QD190504,Tony,Zhu
22HSBIO1,BIO 1,QD190511,Tori,Xu
22HSBIO1,BIO 1,QD190326,Alina,Zheng
22HSBIO1,BIO 1,QD190533,Christine,Zhou
22HSBIO1,BIO 1,QD190316,Liana,Shen
22HSBIO1,BIO 1,QD190325,Coco,Lin
22HSBIO1,BIO 1,QD190318,Lily,Fan
22HSBIO1,BIO 1,QD190606,Allen,Zhang
22HSBIO1,BIO 1,QD190404,Tony,Liu
