CourseId,Course Name,Student ID,First Name,Last Name
22HSMTH1,MTH 1,QD190608,Jerry,Zhou
22HSMTH1,MTH 1,QD190625,Elva,Yao
22HSMTH1,MTH 1,QD190205,Bronnie,He
22HSMTH1,MTH 1,QD190220,Jack,Chen
22HSMTH1,MTH 1,QD190524,Jerry,
22HSMTH1,MTH 1,QD190627,Bella,Zhang
22HSMTH1,MTH 1,QD190315,Ariana,Ren
22HSMTH1,MTH 1,QD190421,Eriksen,He
22HSMTH1,MTH 1,QD190302,Alvin,Zhang
22HSMTH1,MTH 1,QD190230,Susie,Chen
22HSMTH1,MTH 1,QD190203,Jerry,Li
22HSMTH1,MTH 1,QD190433,Jerry,Luo
22HSMTH1,MTH 1,QD190603,Ryan,Li
22HSMTH1,MTH 1,QD190415,Annie,Wu
22HSMTH1,MTH 1,QD190629,Judy,Zhou
22HSMTH1,MTH 1,QD190306,Steven,Shen
22HSMTH1,MTH 1,QD190331,Eva,Lu
22HSMTH1,MTH 1,QD190107,Leo,Feng
22HSMTH1,MTH 1,QD190307,Fred,Pan
22HSMTH1,MTH 1,QD190412,Raina,Tang
22HSMTH1,MTH 1,QD190126,Emma,Lu
22HSMTH1,MTH 1,QD190402,Justin,Tang
22HSMTH1,MTH 1,QD190210,Ivan,Chen
22HSMTH1,MTH 1,QD190408,Chris,Wang
22HSMTH1,MTH 1,QD190502,Eason,Sun
22HSMTH1,MTH 1,QD190232,Claire,Meng
