CourseId,Course Name,Student ID,First Name,Last Name
22HSCHN4,CHN 4,QD190223,Charlie,Peng
22HSCHN4,CHN 4,QD190314,Jessie,Zhao
22HSCHN4,CHN 4,QD190327,Chloe,Liu
22HSCHN4,CHN 4,QD190426,Marjorie,
22HSCHN4,CHN 4,QD180128,Ada,Tantai
22HSCHN4,CHN 4,QD190628,Iris,Ding
22HSCHN4,CHN 4,QD190526,Nancy,Chen
22HSCHN4,CHN 4,QD190624,Nancy,Luo
22HSCHN4,CHN 4,QD190328,Carina,Lv
22HSCHN4,CHN 4,QD190121,Jerry,Zhu
22HSCHN4,CHN 4,QD190114,Cindy,Cao
22HSCHN4,CHN 4,QD190119,Alex,Wang
22HSCHN4,CHN 4,QD190128,Raymond,Cao
22HSCHN4,CHN 4,QD190118,Lora,Luo
22HSCHN4,CHN 4,QD190117,Lizzy,Chen
22HSCHN4,CHN 4,QD190505,Jerry,Yao
22HSCHN4,CHN 4,QD190305,Eddy,Liu
22HSCHN4,CHN 4,QD190405,Owen,Wang
22HSCHN4,CHN 4,QD190521,Jackey,Deng
22HSCHN4,CHN 4,QD190330,Ariel,Duan
22HSCHN4,CHN 4,QD190419,Ella,Kuai
22HSCHN4,CHN 4,QD190233,Watson,Liang
22HSCHN4,CHN 4,QD190519,Emma,Wang
22HSCHN4,CHN 4,QD190320,Peter,Xu
22HSCHN4,CHN 4,QD190235,Yolanda,Li
22HSCHN4,CHN 4,QD190610,Nico,Jiang
22HSCHN4,CHN 4,QD190113,Rain,Wu
