CourseId,Course Name,Student ID,First Name,Last Name
22HSPSY,PSY,QD190608,Jerry,Zhou
22HSPSY,PSY,QD190130,Cindy,Luo
22HSPSY,PSY,QD190317,Alyssa,Wang
22HSPSY,PSY,QD190211,Megan,Chen
22HSPSY,PSY,QD190525,Linfei,Xu
22HSPSY,PSY,QD190514,Lisa,Li
22HSPSY,PSY,QD190301,Luke,Gao
22HSPSY,PSY,QD190302,Alvin,Zhang
22HSPSY,PSY,QD190321,Oliver,Liu
22HSPSY,PSY,QD190215,Gloria,Wang
22HSPSY,PSY,QD190309,Eric,Yuan
22HSPSY,PSY,QD190106,Kevin,Bao
22HSPSY,PSY,QD190111,Elaine,Wang
22HSPSY,PSY,QD190431,Tina,Xue
22HSPSY,PSY,QD190208,Eason,Lu
22HSPSY,PSY,QD190620,Kyrie,Li
22HSPSY,PSY,QD190107,Leo,Feng
22HSPSY,PSY,QD190418,Anna,Yang
22HSPSY,PSY,QD190632,Eric,Wu
22HSPSY,PSY,QD190324,Leo,Gu
22HSPSY,PSY,QD190307,Fred,Pan
22HSPSY,PSY,QD190413,Ava,Pang
22HSPSY,PSY,QD190326,Alina,Zheng
22HSPSY,PSY,QD190533,Christine,Zhou
22HSPSY,PSY,QD190231,Daisy,Ma
22HSPSY,PSY,QD190404,Tony,Liu
22HSPSY,PSY,QD190232,Claire,Meng
