CourseId,Course Name,Student ID,First Name,Last Name
22HSPOL1,POL 1,QD190619,Lawrence,Wang
22HSPOL1,POL 1,QD190327,Chloe,Liu
22HSPOL1,POL 1,QD190220,Jack,Chen
22HSPOL1,POL 1,QD190426,Marjorie,
22HSPOL1,POL 1,QD190627,Bella,Zhang
22HSPOL1,POL 1,QD190332,Frank,Wang
22HSPOL1,POL 1,QD190526,Nancy,Chen
22HSPOL1,POL 1,QD190315,Ariana,Ren
22HSPOL1,POL 1,QD190230,Susie,Chen
22HSPOL1,POL 1,QD190624,Nancy,Luo
22HSPOL1,POL 1,QD190433,Jerry,Luo
22HSPOL1,POL 1,QD190411,Sonia,Zhang
22HSPOL1,POL 1,QD190603,Ryan,Li
22HSPOL1,POL 1,QD190224,David,Zhou
22HSPOL1,POL 1,QD190118,Lora,Luo
22HSPOL1,POL 1,QD190620,Kyrie,Li
22HSPOL1,POL 1,QD190528,Joyce,Fan
22HSPOL1,POL 1,QD190505,Jerry,Yao
22HSPOL1,POL 1,QD190503,Jason,Zhu
22HSPOL1,POL 1,QD190333,Eric,Zhao
22HSPOL1,POL 1,QD190434,Taimei,Wang
22HSPOL1,POL 1,QD180601,James,Fu
22HSPOL1,POL 1,QD190221,Tom,Lin
22HSPOL1,POL 1,QD190413,Ava,Pang
22HSPOL1,POL 1,QD190419,Ella,Kuai
22HSPOL1,POL 1,QD190217,Noemie,Feng
22HSPOL1,POL 1,QD190519,Emma,Wang
22HSPOL1,POL 1,QD190235,Yolanda,Li
22HSPOL1,POL 1,QD190516,Angel,Liu
22HSPOL1,POL 1,QD190113,Rain,Wu
22HSPOL1,POL 1,QD190527,Stephanie,Chen
