CourseId,Course Name,Student ID,First Name,Last Name
22HSAENG10,A ENG 10,QD190617,Evangeline,Wang
22HSAENG10,A ENG 10,QD190130,Cindy,Luo
22HSAENG10,A ENG 10,QD190124,Skyler,Chen
22HSAENG10,A ENG 10,QD190601,Carus,He
22HSAENG10,A ENG 10,QD190110,Ella,
22HSAENG10,A ENG 10,QD190310,Selina,Xue
22HSAENG10,A ENG 10,QD190218,Eva,Ji
22HSAENG10,A ENG 10,QD190515,Rita,Li
22HSAENG10,A ENG 10,QD180632,Christine,Gao
22HSAENG10,A ENG 10,QD190518,Mela,Shen
22HSAENG10,A ENG 10,QD190206,Hance,Hu
22HSAENG10,A ENG 10,QD190227,Cindy,Chen
22HSAENG10,A ENG 10,QD190630,Bill,Zhang
22HSAENG10,A ENG 10,QD190533,Christine,Zhou
22HSAENG10,A ENG 10,QD190432,Amy,Zhang
22HSAENG10,A ENG 10,QD190325,Coco,Lin
22HSAENG10,A ENG 10,QD190313,Iris,Li
22HSAENG10,A ENG 10,QD190407,Steven,Shi
