CourseId,Course Name,Student ID,First Name,Last Name
22HSART3,ART 3,QD190616,Cynthia,Zhou
22HSART3,ART 3,QD180128,Ada,Tantai
22HSART3,ART 3,QD190311,Max,Li
22HSART3,ART 3,QD190430,Elsie,Peng
22HSART3,ART 3,QD190423,Louis,Lv
22HSART3,ART 3,QD190121,Jerry,Zhu
22HSART3,ART 3,QD190623,Nancy,Yu
22HSART3,ART 3,QD190626,Christina,Zhang
22HSART3,ART 3,QD190202,Henry,Dong
22HSART3,ART 3,QD190602,Jimmy,Zhao
22HSART3,ART 3,QD190632,Eric,Wu
22HSART3,ART 3,QD190417,Janet,Li
22HSART3,ART 3,QD190419,Ella,Kuai
22HSART3,ART 3,QD190610,Nico,Jiang
