CourseId,Course Name,Student ID,First Name,Last Name
22HSPOL3,POL 3,QD190225,Emily,Dai
22HSPOL3,POL 3,QD190617,Evangeline,Wang
22HSPOL3,POL 3,QD190130,Cindy,Luo
22HSPOL3,POL 3,QD180128,Ada,Tantai
22HSPOL3,POL 3,QD190612,Rachel,Zeng
22HSPOL3,POL 3,QD190329,Amber,Li
22HSPOL3,POL 3,QD190203,Jerry,Li
22HSPOL3,POL 3,QD190328,Carina,Lv
22HSPOL3,POL 3,QD190106,Kevin,Bao
22HSPOL3,POL 3,QD190104,Henry,Gao
22HSPOL3,POL 3,QD190512,Yolanda,Li
22HSPOL3,POL 3,QD190515,Rita,Li
22HSPOL3,POL 3,QD190331,Eva,Lu
22HSPOL3,POL 3,QD190206,Hance,Hu
22HSPOL3,POL 3,QD190504,Tony,Zhu
22HSPOL3,POL 3,QD190511,Tori,Xu
22HSPOL3,POL 3,QD190405,Owen,Wang
22HSPOL3,POL 3,QD190326,Alina,Zheng
22HSPOL3,POL 3,QD190316,Liana,Shen
22HSPOL3,POL 3,QD190325,Coco,Lin
22HSPOL3,POL 3,QD190318,Lily,Fan
22HSPOL3,POL 3,QD190606,Allen,Zhang
