CourseId,Course Name,Student ID,First Name,Last Name
22HSHIS7,HIS 7,QD190108,Henry,Cheng
22HSHIS7,HIS 7,QD190317,Alyssa,Wang
22HSHIS7,HIS 7,QD190211,Megan,Chen
22HSHIS7,HIS 7,QD190514,Lisa,Li
22HSHIS7,HIS 7,QD190615,Victoria,Zhang
22HSHIS7,HIS 7,QD190311,Max,Li
22HSHIS7,HIS 7,QD190321,Oliver,Liu
22HSHIS7,HIS 7,QD190309,Eric,Yuan
22HSHIS7,HIS 7,QD190125,Aurora,Chen
22HSHIS7,HIS 7,QD190111,Elaine,Wang
22HSHIS7,HIS 7,QD190226,Hermosa,Huang
22HSHIS7,HIS 7,QD190506,Kevin,Zhang
22HSHIS7,HIS 7,QD190418,Anna,Yang
22HSHIS7,HIS 7,QD190213,Charlotte,Yao
22HSHIS7,HIS 7,QD190530,Shirley,Wu
22HSHIS7,HIS 7,QD190229,Julia,Hu
22HSHIS7,HIS 7,QD190116,Emily,Chen
22HSHIS7,HIS 7,QD190523,Hans,Zhang
22HSHIS7,HIS 7,QD190207,Alanzo,Jiang
22HSHIS7,HIS 7,QD190509,Joshua,Zhang
22HSHIS7,HIS 7,QD190105,Alex,Gu
