CourseId,Course Name,Student ID,First Name,Last Name
22HSMTH4,MTH 4,QD190225,Emily,Dai
22HSMTH4,MTH 4,QD190619,Lawrence,Wang
22HSMTH4,MTH 4,QD190616,Cynthia,Zhou
22HSMTH4,MTH 4,QD190510,Cecilia,Wu
22HSMTH4,MTH 4,QD190520,Jack,Wu
22HSMTH4,MTH 4,QD190508,James,Yao
22HSMTH4,MTH 4,QD190628,Iris,Ding
22HSMTH4,MTH 4,QD190215,Gloria,Wang
22HSMTH4,MTH 4,QD190125,Aurora,Chen
22HSMTH4,MTH 4,QD190522,Tony,Hu
22HSMTH4,MTH 4,QD190303,Jacky,Fu
22HSMTH4,MTH 4,QD190529,Linda,Pan
22HSMTH4,MTH 4,QD190111,Elaine,Wang
22HSMTH4,MTH 4,QD190515,Rita,Li
22HSMTH4,MTH 4,QD190208,Eason,Lu
22HSMTH4,MTH 4,QD190626,Christina,Zhang
22HSMTH4,MTH 4,QD190206,Hance,Hu
22HSMTH4,MTH 4,QD190418,Anna,Yang
22HSMTH4,MTH 4,QD190632,Eric,Wu
22HSMTH4,MTH 4,QD190234,Leo,Zeng
22HSMTH4,MTH 4,QD190621,James,Zhang
22HSMTH4,MTH 4,QD190116,Emily,Chen
22HSMTH4,MTH 4,QD190115,Cathy,
22HSMTH4,MTH 4,QD190325,Coco,Lin
22HSMTH4,MTH 4,QD190313,Iris,Li
22HSMTH4,MTH 4,QD190105,Alex,Gu
