CourseId,Course Name,Student ID,First Name,Last Name
22HSDT2,DT 2,QD190619,Lawrence,Wang
22HSDT2,DT 2,QD190211,Megan,Chen
22HSDT2,DT 2,QD190209,Fred,Fang
22HSDT2,DT 2,QD190526,Nancy,Chen
22HSDT2,DT 2,QD190315,Ariana,Ren
22HSDT2,DT 2,QD190433,Jerry,Luo
22HSDT2,DT 2,QD190309,Eric,Yuan
22HSDT2,DT 2,QD190111,Elaine,Wang
22HSDT2,DT 2,QD190620,Kyrie,Li
22HSDT2,DT 2,QD190305,Eddy,Liu
22HSDT2,DT 2,QD190530,Shirley,Wu
22HSDT2,DT 2,QD190127,Sam,Luo
22HSDT2,DT 2,QD190501,Richard,Li
22HSDT2,DT 2,QD190521,Jackey,Deng
22HSDT2,DT 2,QD190221,Tom,Lin
22HSDT2,DT 2,QD190402,Justin,Tang
22HSDT2,DT 2,QD190406,John,Wu
