CourseId,Course Name,Student ID,First Name,Last Name
22HSCMS2,CMS 2,QD190108,Henry,Cheng
22HSCMS2,CMS 2,QD190619,Lawrence,Wang
22HSCMS2,CMS 2,QD190211,Megan,Chen
22HSCMS2,CMS 2,QD190524,Jerry,
22HSCMS2,CMS 2,QD190332,Frank,Wang
22HSCMS2,CMS 2,QD190526,Nancy,Chen
22HSCMS2,CMS 2,QD190624,Nancy,Luo
22HSCMS2,CMS 2,QD190522,Tony,Hu
22HSCMS2,CMS 2,QD190303,Jacky,Fu
22HSCMS2,CMS 2,QD190119,Alex,Wang
22HSCMS2,CMS 2,QD190603,Ryan,Li
22HSCMS2,CMS 2,QD190629,Judy,Zhou
22HSCMS2,CMS 2,QD190117,Lizzy,Chen
22HSCMS2,CMS 2,QD190414,Luna,Zong
22HSCMS2,CMS 2,QD190305,Eddy,Liu
22HSCMS2,CMS 2,QD190127,Sam,Luo
22HSCMS2,CMS 2,QD190501,Richard,Li
22HSCMS2,CMS 2,QD190234,Leo,Zeng
22HSCMS2,CMS 2,QD190621,James,Zhang
22HSCMS2,CMS 2,QD190402,Justin,Tang
22HSCMS2,CMS 2,QD190207,Alanzo,Jiang
22HSCMS2,CMS 2,QD190235,Yolanda,Li
22HSCMS2,CMS 2,QD190502,Eason,Sun
22HSCMS2,CMS 2,QD190113,Rain,Wu
22HSCMS2,CMS 2,QD190527,Stephanie,Chen
22HSCMS2,CMS 2,QD190212,Chloe,Cheng
