CourseId,Course Name,Student ID,First Name,Last Name
22HSPE2,PE 2,QD190223,Charlie,Peng
22HSPE2,PE 2,QD190327,Chloe,Liu
22HSPE2,PE 2,QD190617,Evangeline,Wang
22HSPE2,PE 2,QD190211,Megan,Chen
22HSPE2,PE 2,QD180128,Ada,Tantai
22HSPE2,PE 2,QD190319,Rachel,Chen
22HSPE2,PE 2,QD190526,Nancy,Chen
22HSPE2,PE 2,QD190605,Bruce,Zhang
22HSPE2,PE 2,QD190328,Carina,Lv
22HSPE2,PE 2,QD190106,Kevin,Bao
22HSPE2,PE 2,QD190121,Jerry,Zhu
22HSPE2,PE 2,QD190411,Sonia,Zhang
22HSPE2,PE 2,QD190623,Nancy,Yu
22HSPE2,PE 2,QD190118,Lora,Luo
22HSPE2,PE 2,QD190620,Kyrie,Li
22HSPE2,PE 2,QD190416,Emily,Xia
22HSPE2,PE 2,QD190333,Eric,Zhao
22HSPE2,PE 2,QD190305,Eddy,Liu
22HSPE2,PE 2,QD190504,Tony,Zhu
22HSPE2,PE 2,QD190530,Shirley,Wu
22HSPE2,PE 2,QD190214,Kiki,Lian
22HSPE2,PE 2,QD190533,Christine,Zhou
22HSPE2,PE 2,QD190432,Amy,Zhang
22HSPE2,PE 2,QD190429,Riley,Weng
22HSPE2,PE 2,QD190204,Lucien,
22HSPE2,PE 2,QD190113,Rain,Wu
22HSPE2,PE 2,QD190225,Emily,Dai
22HSPE2,PE 2,QD190619,Lawrence,Wang
22HSPE2,PE 2,QD190616,Cynthia,Zhou
22HSPE2,PE 2,QD190510,Cecilia,Wu
22HSPE2,PE 2,QD190520,Jack,Wu
22HSPE2,PE 2,QD190508,James,Yao
22HSPE2,PE 2,QD190628,Iris,Ding
22HSPE2,PE 2,QD190215,Gloria,Wang
22HSPE2,PE 2,QD190125,Aurora,Chen
22HSPE2,PE 2,QD190522,Tony,Hu
22HSPE2,PE 2,QD190303,Jacky,Fu
22HSPE2,PE 2,QD190529,Linda,Pan
22HSPE2,PE 2,QD190111,Elaine,Wang
22HSPE2,PE 2,QD190515,Rita,Li
22HSPE2,PE 2,QD190208,Eason,Lu
22HSPE2,PE 2,QD190626,Christina,Zhang
22HSPE2,PE 2,QD190206,Hance,Hu
22HSPE2,PE 2,QD190418,Anna,Yang
22HSPE2,PE 2,QD190632,Eric,Wu
22HSPE2,PE 2,QD190234,Leo,Zeng
22HSPE2,PE 2,QD190621,James,Zhang
22HSPE2,PE 2,QD190116,Emily,Chen
22HSPE2,PE 2,QD190115,Cathy,
22HSPE2,PE 2,QD190325,Coco,Lin
22HSPE2,PE 2,QD190313,Iris,Li
22HSPE2,PE 2,QD190105,Alex,Gu
