CourseId,Course Name,Student ID,First Name,Last Name
22HSENG2,ENG 2,QD190625,Elva,Yao
22HSENG2,ENG 2,QD190130,Cindy,Luo
22HSENG2,ENG 2,QD190601,Carus,He
22HSENG2,ENG 2,QD190514,Lisa,Li
22HSENG2,ENG 2,QD190615,Victoria,Zhang
22HSENG2,ENG 2,QD190203,Jerry,Li
22HSENG2,ENG 2,QD190531,Wendy,Zheng
22HSENG2,ENG 2,QD190423,Louis,Lv
22HSENG2,ENG 2,QD190222,Alfred,Lyu
22HSENG2,ENG 2,QD190415,Annie,Wu
22HSENG2,ENG 2,QD190306,Steven,Shen
22HSENG2,ENG 2,QD190331,Eva,Lu
22HSENG2,ENG 2,QD190602,Jimmy,Zhao
22HSENG2,ENG 2,QD190511,Tori,Xu
22HSENG2,ENG 2,QD190413,Ava,Pang
22HSENG2,ENG 2,QD190326,Alina,Zheng
22HSENG2,ENG 2,QD190630,Bill,Zhang
22HSENG2,ENG 2,QD190419,Ella,Kuai
22HSENG2,ENG 2,QD190217,Noemie,Feng
22HSENG2,ENG 2,QD190402,Justin,Tang
22HSENG2,ENG 2,QD190403,Leon,Zhang
22HSENG2,ENG 2,QD190408,Chris,Wang
22HSENG2,ENG 2,QD190606,Allen,Zhang
22HSENG2,ENG 2,QD190212,Chloe,Cheng
