CourseId,Course Name,Student ID,First Name,Last Name
22HSENG8,ENG 8,QD190317,Alyssa,Wang
22HSENG8,ENG 8,QD190124,Skyler,Chen
22HSENG8,ENG 8,QD190524,Jerry,
22HSENG8,ENG 8,QD190627,Bella,Zhang
22HSENG8,ENG 8,QD190230,Susie,Chen
22HSENG8,ENG 8,QD190215,Gloria,Wang
22HSENG8,ENG 8,QD190607,Ricky,Zheng
22HSENG8,ENG 8,QD190121,Jerry,Zhu
22HSENG8,ENG 8,QD190529,Linda,Pan
22HSENG8,ENG 8,QD190623,Nancy,Yu
22HSENG8,ENG 8,QD190226,Hermosa,Huang
22HSENG8,ENG 8,QD190629,Judy,Zhou
22HSENG8,ENG 8,QD190506,Kevin,Zhang
22HSENG8,ENG 8,QD190304,Jerry,Wang
22HSENG8,ENG 8,QD190518,Mela,Shen
22HSENG8,ENG 8,QD190613,Arestia,Chen
22HSENG8,ENG 8,QD190503,Jason,Zhu
22HSENG8,ENG 8,QD190418,Anna,Yang
22HSENG8,ENG 8,QD190412,Raina,Tang
22HSENG8,ENG 8,QD190116,Emily,Chen
22HSENG8,ENG 8,QD190432,Amy,Zhang
22HSENG8,ENG 8,QD190507,Jasper,
22HSENG8,ENG 8,QD190516,Angel,Liu
22HSENG8,ENG 8,QD190105,Alex,Gu
