CourseId,Course Name,Student ID,First Name,Last Name
22HSGEO1,GEO 1,QD190223,Charlie,Peng
22HSGEO1,GEO 1,QD190109,Clara,Zhang
22HSGEO1,GEO 1,QD190422,Sean,Zhang
22HSGEO1,GEO 1,QD190627,Bella,Zhang
22HSGEO1,GEO 1,QD190319,Rachel,Chen
22HSGEO1,GEO 1,QD190605,Bruce,Zhang
22HSGEO1,GEO 1,QD190531,Wendy,Zheng
22HSGEO1,GEO 1,QD190423,Louis,Lv
22HSGEO1,GEO 1,QD190216,Robin,Cui
22HSGEO1,GEO 1,QD190226,Hermosa,Huang
22HSGEO1,GEO 1,QD190128,Raymond,Cao
22HSGEO1,GEO 1,QD180632,Christine,Gao
22HSGEO1,GEO 1,QD190416,Emily,Xia
22HSGEO1,GEO 1,QD190434,Taimei,Wang
22HSGEO1,GEO 1,QD190424,Olivia,Wang
22HSGEO1,GEO 1,QD190122,Sarah,Chen
22HSGEO1,GEO 1,QD190511,Tori,Xu
22HSGEO1,GEO 1,QD190419,Ella,Kuai
22HSGEO1,GEO 1,QD190217,Noemie,Feng
22HSGEO1,GEO 1,QD190432,Amy,Zhang
22HSGEO1,GEO 1,QD190408,Chris,Wang
22HSGEO1,GEO 1,QD190527,Stephanie,Chen
