CourseId,Course Name,Student ID,First Name,Last Name
22HSART1,ART 1,QD190205,Bronnie,He
22HSART1,ART 1,QD190627,Bella,Zhang
22HSART1,ART 1,QD190612,Rachel,Zeng
22HSART1,ART 1,QD190321,Oliver,Liu
22HSART1,ART 1,QD190216,Robin,Cui
22HSART1,ART 1,QD190104,Henry,Gao
22HSART1,ART 1,QD190512,Yolanda,Li
22HSART1,ART 1,QD190224,David,Zhou
22HSART1,ART 1,QD190506,Kevin,Zhang
22HSART1,ART 1,QD190503,Jason,Zhu
22HSART1,ART 1,QD190604,Max,Xiao
22HSART1,ART 1,QD190307,Fred,Pan
22HSART1,ART 1,QD190523,Hans,Zhang
22HSART1,ART 1,QD190519,Emma,Wang
22HSART1,ART 1,QD190509,Joshua,Zhang
