CourseId,Course Name,Student ID,First Name,Last Name
22HSMTH2,MTH LOW 2,QD190109,Clara,Zhang
22HSMTH2,MTH LOW 2,QD190525,Linfei,Xu
22HSMTH2,MTH LOW 2,QD190209,Fred,Fang
22HSMTH2,MTH LOW 2,QD190332,Frank,Wang
22HSMTH2,MTH LOW 2,QD190612,Rachel,Zeng
22HSMTH2,MTH LOW 2,QD190329,Amber,Li
22HSMTH2,MTH LOW 2,QD190423,Louis,Lv
22HSMTH2,MTH LOW 2,QD190222,Alfred,Lyu
22HSMTH2,MTH LOW 2,QD190104,Henry,Gao
22HSMTH2,MTH LOW 2,QD190431,Tina,Xue
22HSMTH2,MTH LOW 2,QD190613,Arestia,Chen
22HSMTH2,MTH LOW 2,QD190503,Jason,Zhu
22HSMTH2,MTH LOW 2,QD190427,Emily,Wang
22HSMTH2,MTH LOW 2,QD190434,Taimei,Wang
22HSMTH2,MTH LOW 2,QD190604,Max,Xiao
22HSMTH2,MTH LOW 2,QD190127,Sam,Luo
22HSMTH2,MTH LOW 2,QD190501,Richard,Li
22HSMTH2,MTH LOW 2,QD190221,Tom,Lin
22HSMTH2,MTH LOW 2,QD190609,Tony,She
22HSMTH2,MTH LOW 2,QD190217,Noemie,Feng
22HSMTH2,MTH LOW 2,QD190112,Clara,Wu
22HSMTH2,MTH LOW 2,QD190316,Liana,Shen
22HSMTH2,MTH LOW 2,QD190318,Lily,Fan
22HSMTH2,MTH LOW 2,QD190403,Leon,Zhang
22HSMTH2,MTH LOW 2,QD190516,Angel,Liu
22HSMTH2,MTH LOW 2,QD190212,Chloe,Cheng
