CourseId,Course Name,Student ID,First Name,Last Name
22HSCHN2,CHN 2,QD190619,Lawrence,Wang
22HSCHN2,CHN 2,QD190617,Evangeline,Wang
22HSCHN2,CHN 2,QD190625,Elva,Yao
22HSCHN2,CHN 2,QD190409,Christo,Shen
22HSCHN2,CHN 2,QD190627,Bella,Zhang
22HSCHN2,CHN 2,QD190508,James,Yao
22HSCHN2,CHN 2,QD190201,Alex,Chang
22HSCHN2,CHN 2,QD190219,Judy,Deng
22HSCHN2,CHN 2,QD190531,Wendy,Zheng
22HSCHN2,CHN 2,QD190303,Jacky,Fu
22HSCHN2,CHN 2,QD190123,Vera,Chen
22HSCHN2,CHN 2,QD190410,Jim,Xu
22HSCHN2,CHN 2,QD190226,Hermosa,Huang
22HSCHN2,CHN 2,QD190515,Rita,Li
22HSCHN2,CHN 2,QD190528,Joyce,Fan
22HSCHN2,CHN 2,QD190518,Mela,Shen
22HSCHN2,CHN 2,QD190434,Taimei,Wang
22HSCHN2,CHN 2,QD190122,Sarah,Chen
22HSCHN2,CHN 2,QD190127,Sam,Luo
22HSCHN2,CHN 2,QD190501,Richard,Li
22HSCHN2,CHN 2,QD190221,Tom,Lin
22HSCHN2,CHN 2,QD190103,James,Song
22HSCHN2,CHN 2,QD190402,Justin,Tang
22HSCHN2,CHN 2,QD190204,Lucien,
22HSCHN2,CHN 2,QD190507,Jasper,
22HSCHN2,CHN 2,QD190407,Steven,Shi
22HSCHN2,CHN 2,QD190527,Stephanie,Chen
