CourseId,Course Name,Student ID,First Name,Last Name
22HSCHM4,CHM 4,QD190108,Henry,Cheng
22HSCHM4,CHM 4,QD190317,Alyssa,Wang
22HSCHM4,CHM 4,QD190422,Sean,Zhang
22HSCHM4,CHM 4,QD190517,Angela,Qu
22HSCHM4,CHM 4,QD190615,Victoria,Zhang
22HSCHM4,CHM 4,QD190201,Alex,Chang
22HSCHM4,CHM 4,QD190531,Wendy,Zheng
22HSCHM4,CHM 4,QD190309,Eric,Yuan
22HSCHM4,CHM 4,QD190216,Robin,Cui
22HSCHM4,CHM 4,QD190623,Nancy,Yu
22HSCHM4,CHM 4,QD190506,Kevin,Zhang
22HSCHM4,CHM 4,QD190626,Christina,Zhang
22HSCHM4,CHM 4,QD190602,Jimmy,Zhao
22HSCHM4,CHM 4,QD190418,Anna,Yang
22HSCHM4,CHM 4,QD190424,Olivia,Wang
22HSCHM4,CHM 4,QD190229,Julia,Hu
22HSCHM4,CHM 4,QD190116,Emily,Chen
22HSCHM4,CHM 4,QD190507,Jasper,
22HSCHM4,CHM 4,QD190509,Joshua,Zhang
22HSCHM4,CHM 4,QD190231,Daisy,Ma
22HSCHM4,CHM 4,QD190105,Alex,Gu
