CourseId,Course Name,Student ID,First Name,Last Name
22HSCHN5,CHN 5,QD190225,Emily,Dai
22HSCHN5,CHN 5,QD190109,Clara,Zhang
22HSCHN5,CHN 5,QD190422,Sean,Zhang
22HSCHN5,CHN 5,QD190520,Jack,Wu
22HSCHN5,CHN 5,QD190129,Ashley,Zhang
22HSCHN5,CHN 5,QD190308,Angus,Qiu
22HSCHN5,CHN 5,QD190605,Bruce,Zhang
22HSCHN5,CHN 5,QD190104,Henry,Gao
22HSCHN5,CHN 5,QD190425,Skye,Li
22HSCHN5,CHN 5,QD190416,Emily,Xia
22HSCHN5,CHN 5,QD190504,Tony,Zhu
22HSCHN5,CHN 5,QD190530,Shirley,Wu
22HSCHN5,CHN 5,QD190417,Janet,Li
22HSCHN5,CHN 5,QD190412,Raina,Tang
22HSCHN5,CHN 5,QD190523,Hans,Zhang
22HSCHN5,CHN 5,QD190210,Ivan,Chen
22HSCHN5,CHN 5,QD190403,Leon,Zhang
