CourseId,Course Name,Student ID,First Name,Last Name
22HSECO2,ECO 2,QD190619,Lawrence,Wang
22HSECO2,ECO 2,QD190617,Evangeline,Wang
22HSECO2,ECO 2,QD190625,Elva,Yao
22HSECO2,ECO 2,QD190409,Christo,Shen
22HSECO2,ECO 2,QD190627,Bella,Zhang
22HSECO2,ECO 2,QD190508,James,Yao
22HSECO2,ECO 2,QD190201,Alex,Chang
22HSECO2,ECO 2,QD190219,Judy,Deng
22HSECO2,ECO 2,QD190531,Wendy,Zheng
22HSECO2,ECO 2,QD190303,Jacky,Fu
22HSECO2,ECO 2,QD190123,Vera,Chen
22HSECO2,ECO 2,QD190410,Jim,Xu
22HSECO2,ECO 2,QD190226,Hermosa,Huang
22HSECO2,ECO 2,QD190515,Rita,Li
22HSECO2,ECO 2,QD190528,Joyce,Fan
22HSECO2,ECO 2,QD190518,Mela,Shen
22HSECO2,ECO 2,QD190434,Taimei,Wang
22HSECO2,ECO 2,QD190122,Sarah,Chen
22HSECO2,ECO 2,QD190127,Sam,Luo
22HSECO2,ECO 2,QD190501,Richard,Li
22HSECO2,ECO 2,QD190221,Tom,Lin
22HSECO2,ECO 2,QD190103,James,Song
22HSECO2,ECO 2,QD190402,Justin,Tang
22HSECO2,ECO 2,QD190204,Lucien,
22HSECO2,ECO 2,QD190507,Jasper,
22HSECO2,ECO 2,QD190407,Steven,Shi
22HSECO2,ECO 2,QD190527,Stephanie,Chen
