CourseId,Course Name,Student ID,First Name,Last Name
22HSPHY1,PHY 1,QD190401,Gordon,Guo
22HSPHY1,PHY 1,QD190317,Alyssa,Wang
22HSPHY1,PHY 1,QD190525,Linfei,Xu
22HSPHY1,PHY 1,QD190209,Fred,Fang
22HSPHY1,PHY 1,QD190517,Angela,Qu
22HSPHY1,PHY 1,QD190201,Alex,Chang
22HSPHY1,PHY 1,QD190301,Luke,Gao
22HSPHY1,PHY 1,QD190302,Alvin,Zhang
22HSPHY1,PHY 1,QD190607,Ricky,Zheng
22HSPHY1,PHY 1,QD190410,Jim,Xu
22HSPHY1,PHY 1,QD190101,Robin,Fu
22HSPHY1,PHY 1,QD190611,Jane,Xu
22HSPHY1,PHY 1,QD190532,Hongwei,Zhang
22HSPHY1,PHY 1,QD190202,Henry,Dong
22HSPHY1,PHY 1,QD190414,Luna,Zong
22HSPHY1,PHY 1,QD190427,Emily,Wang
22HSPHY1,PHY 1,QD190213,Charlotte,Yao
22HSPHY1,PHY 1,QD180601,James,Fu
22HSPHY1,PHY 1,QD190417,Janet,Li
22HSPHY1,PHY 1,QD190320,Peter,Xu
22HSPHY1,PHY 1,QD190120,Henry,Luo
22HSPHY1,PHY 1,QD190610,Nico,Jiang
