CourseId,Course Name,Student ID,First Name,Last Name
22HSMTH7,MTH 7,QD190102,Skye,Qiu
22HSMTH7,MTH 7,QD190108,Henry,Cheng
22HSMTH7,MTH 7,QD190401,Gordon,Guo
22HSMTH7,MTH 7,QD190422,Sean,Zhang
22HSMTH7,MTH 7,QD190426,Marjorie,
22HSMTH7,MTH 7,QD190517,Angela,Qu
22HSMTH7,MTH 7,QD190615,Victoria,Zhang
22HSMTH7,MTH 7,QD190311,Max,Li
22HSMTH7,MTH 7,QD190219,Judy,Deng
22HSMTH7,MTH 7,QD190624,Nancy,Luo
22HSMTH7,MTH 7,QD190114,Cindy,Cao
22HSMTH7,MTH 7,QD190119,Alex,Wang
22HSMTH7,MTH 7,QD190218,Eva,Ji
22HSMTH7,MTH 7,QD190101,Robin,Fu
22HSMTH7,MTH 7,QD190532,Hongwei,Zhang
22HSMTH7,MTH 7,QD190528,Joyce,Fan
22HSMTH7,MTH 7,QD190117,Lizzy,Chen
22HSMTH7,MTH 7,QD190505,Jerry,Yao
22HSMTH7,MTH 7,QD180601,James,Fu
22HSMTH7,MTH 7,QD190229,Julia,Hu
22HSMTH7,MTH 7,QD190103,James,Song
22HSMTH7,MTH 7,QD190419,Ella,Kuai
22HSMTH7,MTH 7,QD190233,Watson,Liang
22HSMTH7,MTH 7,QD190610,Nico,Jiang
22HSMTH7,MTH 7,QD190527,Stephanie,Chen
