CourseId,Course Name,Student ID,First Name,Last Name
22HSGEO6,GEO 6,QD190608,Jerry,Zhou
22HSGEO6,GEO 6,QD190314,Jessie,Zhao
22HSGEO6,GEO 6,QD190625,Elva,Yao
22HSGEO6,GEO 6,QD190205,Bronnie,He
22HSGEO6,GEO 6,QD180128,Ada,Tantai
22HSGEO6,GEO 6,QD190508,James,Yao
22HSGEO6,GEO 6,QD190329,Amber,Li
22HSGEO6,GEO 6,QD190219,Judy,Deng
22HSGEO6,GEO 6,QD190203,Jerry,Li
22HSGEO6,GEO 6,QD190328,Carina,Lv
22HSGEO6,GEO 6,QD190522,Tony,Hu
22HSGEO6,GEO 6,QD190303,Jacky,Fu
22HSGEO6,GEO 6,QD190119,Alex,Wang
22HSGEO6,GEO 6,QD190623,Nancy,Yu
22HSGEO6,GEO 6,QD190431,Tina,Xue
22HSGEO6,GEO 6,QD190208,Eason,Lu
22HSGEO6,GEO 6,QD190626,Christina,Zhang
22HSGEO6,GEO 6,QD190602,Jimmy,Zhao
22HSGEO6,GEO 6,QD190632,Eric,Wu
22HSGEO6,GEO 6,QD190501,Richard,Li
22HSGEO6,GEO 6,QD190307,Fred,Pan
22HSGEO6,GEO 6,QD190621,James,Zhang
22HSGEO6,GEO 6,QD190103,James,Song
22HSGEO6,GEO 6,QD190402,Justin,Tang
22HSGEO6,GEO 6,QD190316,Liana,Shen
22HSGEO6,GEO 6,QD190204,Lucien,
22HSGEO6,GEO 6,QD190313,Iris,Li
22HSGEO6,GEO 6,QD190509,Joshua,Zhang
22HSGEO6,GEO 6,QD190105,Alex,Gu
