CourseId,Course Name,Student ID,First Name,Last Name
22HSAENG9,A ENG 9,QD190619,Lawrence,Wang
22HSAENG9,A ENG 9,QD190211,Megan,Chen
22HSAENG9,A ENG 9,QD190209,Fred,Fang
22HSAENG9,A ENG 9,QD190526,Nancy,Chen
22HSAENG9,A ENG 9,QD190315,Ariana,Ren
22HSAENG9,A ENG 9,QD190433,Jerry,Luo
22HSAENG9,A ENG 9,QD190309,Eric,Yuan
22HSAENG9,A ENG 9,QD190111,Elaine,Wang
22HSAENG9,A ENG 9,QD190620,Kyrie,Li
22HSAENG9,A ENG 9,QD190305,Eddy,Liu
22HSAENG9,A ENG 9,QD190530,Shirley,Wu
22HSAENG9,A ENG 9,QD190127,Sam,Luo
22HSAENG9,A ENG 9,QD190501,Richard,Li
22HSAENG9,A ENG 9,QD190521,Jackey,Deng
22HSAENG9,A ENG 9,QD190221,Tom,Lin
22HSAENG9,A ENG 9,QD190402,Justin,Tang
22HSAENG9,A ENG 9,QD190406,John,Wu
