CourseId,Course Name,Student ID,First Name,Last Name
22HSECO6,ECO 6,QD190102,Skye,Qiu
22HSECO6,ECO 6,QD190510,Cecilia,Wu
22HSECO6,ECO 6,QD190428,Leticia,Wang
22HSECO6,ECO 6,QD190517,Angela,Qu
22HSECO6,ECO 6,QD190615,Victoria,Zhang
22HSECO6,ECO 6,QD190612,Rachel,Zeng
22HSECO6,ECO 6,QD190423,Louis,Lv
22HSECO6,ECO 6,QD190101,Robin,Fu
22HSECO6,ECO 6,QD190306,Steven,Shen
22HSECO6,ECO 6,QD190206,Hance,Hu
22HSECO6,ECO 6,QD190427,Emily,Wang
22HSECO6,ECO 6,QD190227,Cindy,Chen
22HSECO6,ECO 6,QD190229,Julia,Hu
22HSECO6,ECO 6,QD190609,Tony,She
22HSECO6,ECO 6,QD190112,Clara,Wu
22HSECO6,ECO 6,QD190429,Riley,Weng
22HSECO6,ECO 6,QD190325,Coco,Lin
22HSECO6,ECO 6,QD190631,Anna,jiang
