CourseId,Course Name,Student ID,First Name,Last Name
22HSGEO5,GEO 5,QD190108,Henry,Cheng
22HSGEO5,GEO 5,QD190617,Evangeline,Wang
22HSGEO5,GEO 5,QD190616,Cynthia,Zhou
22HSGEO5,GEO 5,QD190211,Megan,Chen
22HSGEO5,GEO 5,QD190524,Jerry,
22HSGEO5,GEO 5,QD190514,Lisa,Li
22HSGEO5,GEO 5,QD190311,Max,Li
22HSGEO5,GEO 5,QD190321,Oliver,Liu
22HSGEO5,GEO 5,QD190430,Elsie,Peng
22HSGEO5,GEO 5,QD190125,Aurora,Chen
22HSGEO5,GEO 5,QD190106,Kevin,Bao
22HSGEO5,GEO 5,QD190114,Cindy,Cao
22HSGEO5,GEO 5,QD190529,Linda,Pan
22HSGEO5,GEO 5,QD190111,Elaine,Wang
22HSGEO5,GEO 5,QD190629,Judy,Zhou
22HSGEO5,GEO 5,QD190515,Rita,Li
22HSGEO5,GEO 5,QD190331,Eva,Lu
22HSGEO5,GEO 5,QD190418,Anna,Yang
22HSGEO5,GEO 5,QD190604,Max,Xiao
22HSGEO5,GEO 5,QD190324,Leo,Gu
22HSGEO5,GEO 5,QD190214,Kiki,Lian
22HSGEO5,GEO 5,QD190630,Bill,Zhang
22HSGEO5,GEO 5,QD190116,Emily,Chen
22HSGEO5,GEO 5,QD190533,Christine,Zhou
22HSGEO5,GEO 5,QD190115,Cathy,
22HSGEO5,GEO 5,QD190207,Alanzo,Jiang
22HSGEO5,GEO 5,QD190318,Lily,Fan
22HSGEO5,GEO 5,QD190231,Daisy,Ma
22HSGEO5,GEO 5,QD190212,Chloe,Cheng
