CourseId,Course Name,Student ID,First Name,Last Name
22HSCHN7,CHN 7,QD190601,Carus,He
22HSCHN7,CHN 7,QD190311,Max,Li
22HSCHN7,CHN 7,QD190315,Ariana,Ren
22HSCHN7,CHN 7,QD190203,Jerry,Li
22HSCHN7,CHN 7,QD190430,Elsie,Peng
22HSCHN7,CHN 7,QD190125,Aurora,Chen
22HSCHN7,CHN 7,QD190222,Alfred,Lyu
22HSCHN7,CHN 7,QD190522,Tony,Hu
22HSCHN7,CHN 7,QD190512,Yolanda,Li
22HSCHN7,CHN 7,QD190623,Nancy,Yu
22HSCHN7,CHN 7,QD190224,David,Zhou
22HSCHN7,CHN 7,QD190611,Jane,Xu
22HSCHN7,CHN 7,QD190532,Hongwei,Zhang
22HSCHN7,CHN 7,QD190506,Kevin,Zhang
22HSCHN7,CHN 7,QD190331,Eva,Lu
22HSCHN7,CHN 7,QD190613,Arestia,Chen
22HSCHN7,CHN 7,QD190602,Jimmy,Zhao
22HSCHN7,CHN 7,QD190503,Jason,Zhu
22HSCHN7,CHN 7,QD190116,Emily,Chen
22HSCHN7,CHN 7,QD190115,Cathy,
22HSCHN7,CHN 7,QD190316,Liana,Shen
22HSCHN7,CHN 7,QD190207,Alanzo,Jiang
22HSCHN7,CHN 7,QD190318,Lily,Fan
22HSCHN7,CHN 7,QD190516,Angel,Liu
22HSCHN7,CHN 7,QD190606,Allen,Zhang
22HSCHN7,CHN 7,QD190105,Alex,Gu
