CourseId,Course Name,Student ID,First Name,Last Name
22HSHIS6,HIS 6,QD190102,Skye,Qiu
22HSHIS6,HIS 6,QD190625,Elva,Yao
22HSHIS6,HIS 6,QD190124,Skyler,Chen
22HSHIS6,HIS 6,QD190524,Jerry,
22HSHIS6,HIS 6,QD190110,Ella,
22HSHIS6,HIS 6,QD190308,Angus,Qiu
22HSHIS6,HIS 6,QD190310,Selina,Xue
22HSHIS6,HIS 6,QD190303,Jacky,Fu
22HSHIS6,HIS 6,QD190529,Linda,Pan
22HSHIS6,HIS 6,QD190410,Jim,Xu
22HSHIS6,HIS 6,QD190101,Robin,Fu
22HSHIS6,HIS 6,QD190306,Steven,Shen
22HSHIS6,HIS 6,QD190304,Jerry,Wang
22HSHIS6,HIS 6,QD190427,Emily,Wang
22HSHIS6,HIS 6,QD190604,Max,Xiao
22HSHIS6,HIS 6,QD190501,Richard,Li
22HSHIS6,HIS 6,QD190630,Bill,Zhang
22HSHIS6,HIS 6,QD190609,Tony,She
22HSHIS6,HIS 6,QD190412,Raina,Tang
22HSHIS6,HIS 6,QD190320,Peter,Xu
22HSHIS6,HIS 6,QD190313,Iris,Li
22HSHIS6,HIS 6,QD190403,Leon,Zhang
22HSHIS6,HIS 6,QD190631,Anna,jiang
