CourseId,Course Name,Student ID,First Name,Last Name
22HSCHN3,CHN 3,QD190616,Cynthia,Zhou
22HSCHN3,CHN 3,QD190205,Bronnie,He
22HSCHN3,CHN 3,QD190513,Cindy,Huang
22HSCHN3,CHN 3,QD190220,Jack,Chen
22HSCHN3,CHN 3,QD190332,Frank,Wang
22HSCHN3,CHN 3,QD190110,Ella,
22HSCHN3,CHN 3,QD190319,Rachel,Chen
22HSCHN3,CHN 3,QD190421,Eriksen,He
22HSCHN3,CHN 3,QD190310,Selina,Xue
22HSCHN3,CHN 3,QD190216,Robin,Cui
22HSCHN3,CHN 3,QD190411,Sonia,Zhang
22HSCHN3,CHN 3,QD190614,Julie,Gu
22HSCHN3,CHN 3,QD190603,Ryan,Li
22HSCHN3,CHN 3,QD190626,Christina,Zhang
22HSCHN3,CHN 3,QD190202,Henry,Dong
22HSCHN3,CHN 3,QD190333,Eric,Zhao
22HSCHN3,CHN 3,QD190424,Olivia,Wang
22HSCHN3,CHN 3,QD190604,Max,Xiao
22HSCHN3,CHN 3,QD190420,Gigi,Zhang
22HSCHN3,CHN 3,QD190234,Leo,Zeng
22HSCHN3,CHN 3,QD190214,Kiki,Lian
22HSCHN3,CHN 3,QD190126,Emma,Lu
22HSCHN3,CHN 3,QD190120,Henry,Luo
22HSCHN3,CHN 3,QD190313,Iris,Li
22HSCHN3,CHN 3,QD190502,Eason,Sun
22HSCHN3,CHN 3,QD190212,Chloe,Cheng
