CourseId,Course Name,Student ID,First Name,Last Name
22HSGEO8,GEO 8,QD190510,Cecilia,Wu
22HSGEO8,GEO 8,QD190130,Cindy,Luo
22HSGEO8,GEO 8,QD190513,Cindy,Huang
22HSGEO8,GEO 8,QD190332,Frank,Wang
22HSGEO8,GEO 8,QD190612,Rachel,Zeng
22HSGEO8,GEO 8,QD190421,Eriksen,He
22HSGEO8,GEO 8,QD190624,Nancy,Luo
22HSGEO8,GEO 8,QD190309,Eric,Yuan
22HSGEO8,GEO 8,QD190104,Henry,Gao
22HSGEO8,GEO 8,QD190614,Julie,Gu
22HSGEO8,GEO 8,QD190224,David,Zhou
22HSGEO8,GEO 8,QD190306,Steven,Shen
22HSGEO8,GEO 8,QD190620,Kyrie,Li
22HSGEO8,GEO 8,QD190613,Arestia,Chen
22HSGEO8,GEO 8,QD190333,Eric,Zhao
22HSGEO8,GEO 8,QD190530,Shirley,Wu
22HSGEO8,GEO 8,QD190326,Alina,Zheng
22HSGEO8,GEO 8,QD190609,Tony,She
22HSGEO8,GEO 8,QD190126,Emma,Lu
22HSGEO8,GEO 8,QD190429,Riley,Weng
22HSGEO8,GEO 8,QD190235,Yolanda,Li
22HSGEO8,GEO 8,QD190403,Leon,Zhang
22HSGEO8,GEO 8,QD190232,Claire,Meng
