CourseId,Course Name,Student ID,First Name,Last Name
22HSAENG8,A ENG 8,QD190327,Chloe,Liu
22HSAENG8,A ENG 8,QD190510,Cecilia,Wu
22HSAENG8,A ENG 8,QD190625,Elva,Yao
22HSAENG8,A ENG 8,QD190525,Linfei,Xu
22HSAENG8,A ENG 8,QD190201,Alex,Chang
22HSAENG8,A ENG 8,QD190302,Alvin,Zhang
22HSAENG8,A ENG 8,QD190125,Aurora,Chen
22HSAENG8,A ENG 8,QD190303,Jacky,Fu
22HSAENG8,A ENG 8,QD190415,Annie,Wu
22HSAENG8,A ENG 8,QD190118,Lora,Luo
22HSAENG8,A ENG 8,QD190213,Charlotte,Yao
22HSAENG8,A ENG 8,QD190609,Tony,She
22HSAENG8,A ENG 8,QD190112,Clara,Wu
22HSAENG8,A ENG 8,QD190115,Cathy,
22HSAENG8,A ENG 8,QD190429,Riley,Weng
22HSAENG8,A ENG 8,QD190408,Chris,Wang
22HSAENG8,A ENG 8,QD190113,Rain,Wu
22HSAENG8,A ENG 8,QD190232,Claire,Meng
