CourseId,Course Name,Student ID,First Name,Last Name
22HSHIS8,HIS 8,QD190616,Cynthia,Zhou
22HSHIS8,HIS 8,QD190510,Cecilia,Wu
22HSHIS8,HIS 8,QD190513,Cindy,Huang
22HSHIS8,HIS 8,QD190422,Sean,Zhang
22HSHIS8,HIS 8,QD190517,Angela,Qu
22HSHIS8,HIS 8,QD190201,Alex,Chang
22HSHIS8,HIS 8,QD190430,Elsie,Peng
22HSHIS8,HIS 8,QD190531,Wendy,Zheng
22HSHIS8,HIS 8,QD190216,Robin,Cui
22HSHIS8,HIS 8,QD190623,Nancy,Yu
22HSHIS8,HIS 8,QD190208,Eason,Lu
22HSHIS8,HIS 8,QD190626,Christina,Zhang
22HSHIS8,HIS 8,QD190602,Jimmy,Zhao
22HSHIS8,HIS 8,QD190424,Olivia,Wang
22HSHIS8,HIS 8,QD190324,Leo,Gu
22HSHIS8,HIS 8,QD190214,Kiki,Lian
22HSHIS8,HIS 8,QD190417,Janet,Li
22HSHIS8,HIS 8,QD190115,Cathy,
22HSHIS8,HIS 8,QD190429,Riley,Weng
22HSHIS8,HIS 8,QD190507,Jasper,
22HSHIS8,HIS 8,QD190231,Daisy,Ma
