CourseId,Course Name,Student ID,First Name,Last Name
22HSGEO7,GEO 7,QD190327,Chloe,Liu
22HSGEO7,GEO 7,QD190428,Leticia,Wang
22HSGEO7,GEO 7,QD190601,Carus,He
22HSGEO7,GEO 7,QD190520,Jack,Wu
22HSGEO7,GEO 7,QD190129,Ashley,Zhang
22HSGEO7,GEO 7,QD190526,Nancy,Chen
22HSGEO7,GEO 7,QD190308,Angus,Qiu
22HSGEO7,GEO 7,QD190215,Gloria,Wang
22HSGEO7,GEO 7,QD190222,Alfred,Lyu
22HSGEO7,GEO 7,QD190512,Yolanda,Li
22HSGEO7,GEO 7,QD190603,Ryan,Li
22HSGEO7,GEO 7,QD190506,Kevin,Zhang
22HSGEO7,GEO 7,QD190117,Lizzy,Chen
22HSGEO7,GEO 7,QD190206,Hance,Hu
22HSGEO7,GEO 7,QD190503,Jason,Zhu
22HSGEO7,GEO 7,QD190234,Leo,Zeng
22HSGEO7,GEO 7,QD190413,Ava,Pang
22HSGEO7,GEO 7,QD190330,Ariel,Duan
22HSGEO7,GEO 7,QD190519,Emma,Wang
22HSGEO7,GEO 7,QD190112,Clara,Wu
22HSGEO7,GEO 7,QD190325,Coco,Lin
22HSGEO7,GEO 7,QD190113,Rain,Wu
22HSGEO7,GEO 7,QD190606,Allen,Zhang
