CourseId,Course Name,Student ID,First Name,Last Name
22HSENG3,ENG 3,QD190108,Henry,Cheng
22HSENG3,ENG 3,QD190616,Cynthia,Zhou
22HSENG3,ENG 3,QD190401,Gordon,Guo
22HSENG3,ENG 3,QD190409,Christo,Shen
22HSENG3,ENG 3,QD190520,Jack,Wu
22HSENG3,ENG 3,QD190332,Frank,Wang
22HSENG3,ENG 3,QD190508,James,Yao
22HSENG3,ENG 3,QD190612,Rachel,Zeng
22HSENG3,ENG 3,QD190201,Alex,Chang
22HSENG3,ENG 3,QD190421,Eriksen,He
22HSENG3,ENG 3,QD190328,Carina,Lv
22HSENG3,ENG 3,QD190104,Henry,Gao
22HSENG3,ENG 3,QD190603,Ryan,Li
22HSENG3,ENG 3,QD190626,Christina,Zhang
22HSENG3,ENG 3,QD190117,Lizzy,Chen
22HSENG3,ENG 3,QD190333,Eric,Zhao
22HSENG3,ENG 3,QD190213,Charlotte,Yao
22HSENG3,ENG 3,QD180601,James,Fu
22HSENG3,ENG 3,QD190234,Leo,Zeng
22HSENG3,ENG 3,QD190214,Kiki,Lian
22HSENG3,ENG 3,QD190621,James,Zhang
22HSENG3,ENG 3,QD190519,Emma,Wang
22HSENG3,ENG 3,QD190429,Riley,Weng
22HSENG3,ENG 3,QD190325,Coco,Lin
22HSENG3,ENG 3,QD190610,Nico,Jiang
22HSENG3,ENG 3,QD190407,Steven,Shi
