CourseId,Course Name,Student ID,First Name,Last Name
22HSHIS3,HIS 3,QD190225,Emily,Dai
22HSHIS3,HIS 3,QD190617,Evangeline,Wang
22HSHIS3,HIS 3,QD190130,Cindy,Luo
22HSHIS3,HIS 3,QD180128,Ada,Tantai
22HSHIS3,HIS 3,QD190612,Rachel,Zeng
22HSHIS3,HIS 3,QD190329,Amber,Li
22HSHIS3,HIS 3,QD190203,Jerry,Li
22HSHIS3,HIS 3,QD190328,Carina,Lv
22HSHIS3,HIS 3,QD190106,Kevin,Bao
22HSHIS3,HIS 3,QD190104,Henry,Gao
22HSHIS3,HIS 3,QD190512,Yolanda,Li
22HSHIS3,HIS 3,QD190515,Rita,Li
22HSHIS3,HIS 3,QD190331,Eva,Lu
22HSHIS3,HIS 3,QD190206,Hance,Hu
22HSHIS3,HIS 3,QD190504,Tony,Zhu
22HSHIS3,HIS 3,QD190511,Tori,Xu
22HSHIS3,HIS 3,QD190405,Owen,Wang
22HSHIS3,HIS 3,QD190326,Alina,Zheng
22HSHIS3,HIS 3,QD190316,Liana,Shen
22HSHIS3,HIS 3,QD190325,Coco,Lin
22HSHIS3,HIS 3,QD190318,Lily,Fan
22HSHIS3,HIS 3,QD190606,Allen,Zhang
