CourseId,Course Name,Student ID,First Name,Last Name
22HSHIS4,HIS 4,QD190608,Jerry,Zhou
22HSHIS4,HIS 4,QD190109,Clara,Zhang
22HSHIS4,HIS 4,QD190409,Christo,Shen
22HSHIS4,HIS 4,QD190520,Jack,Wu
22HSHIS4,HIS 4,QD190508,James,Yao
22HSHIS4,HIS 4,QD190301,Luke,Gao
22HSHIS4,HIS 4,QD190605,Bruce,Zhang
22HSHIS4,HIS 4,QD190423,Louis,Lv
22HSHIS4,HIS 4,QD190522,Tony,Hu
22HSHIS4,HIS 4,QD190123,Vera,Chen
22HSHIS4,HIS 4,QD190611,Jane,Xu
22HSHIS4,HIS 4,QD190431,Tina,Xue
22HSHIS4,HIS 4,QD180632,Christine,Gao
22HSHIS4,HIS 4,QD190416,Emily,Xia
22HSHIS4,HIS 4,QD190632,Eric,Wu
22HSHIS4,HIS 4,QD190122,Sarah,Chen
22HSHIS4,HIS 4,QD190307,Fred,Pan
22HSHIS4,HIS 4,QD190621,James,Zhang
22HSHIS4,HIS 4,QD190533,Christine,Zhou
22HSHIS4,HIS 4,QD190210,Ivan,Chen
22HSHIS4,HIS 4,QD190204,Lucien,
22HSHIS4,HIS 4,QD190407,Steven,Shi
22HSHIS4,HIS 4,QD190404,Tony,Liu
