CourseId,Course Name,Student ID,First Name,Last Name
22HSSS,SS,QD190601,Carus,He
22HSSS,SS,QD190311,Max,Li
22HSSS,SS,QD190315,Ariana,Ren
22HSSS,SS,QD190203,Jerry,Li
22HSSS,SS,QD190430,Elsie,Peng
22HSSS,SS,QD190125,Aurora,Chen
22HSSS,SS,QD190222,Alfred,Lyu
22HSSS,SS,QD190522,Tony,Hu
22HSSS,SS,QD190512,Yolanda,Li
22HSSS,SS,QD190623,Nancy,Yu
22HSSS,SS,QD190224,David,Zhou
22HSSS,SS,QD190611,Jane,Xu
22HSSS,SS,QD190532,Hongwei,Zhang
22HSSS,SS,QD190506,Kevin,Zhang
22HSSS,SS,QD190331,Eva,Lu
22HSSS,SS,QD190613,Arestia,Chen
22HSSS,SS,QD190602,Jimmy,Zhao
22HSSS,SS,QD190503,Jason,Zhu
22HSSS,SS,QD190116,Emily,Chen
22HSSS,SS,QD190115,Cathy,
22HSSS,SS,QD190316,Liana,Shen
22HSSS,SS,QD190207,Alanzo,Jiang
22HSSS,SS,QD190318,Lily,Fan
22HSSS,SS,QD190516,Angel,Liu
22HSSS,SS,QD190606,Allen,Zhang
22HSSS,SS,QD190105,Alex,Gu
