CourseId,Course Name,Student ID,First Name,Last Name
22HSAENG6,A ENG 6,QD190422,Sean,Zhang
22HSAENG6,A ENG 6,QD190517,Angela,Qu
22HSAENG6,A ENG 6,QD190615,Victoria,Zhang
22HSAENG6,A ENG 6,QD190301,Luke,Gao
22HSAENG6,A ENG 6,QD190522,Tony,Hu
22HSAENG6,A ENG 6,QD190114,Cindy,Cao
22HSAENG6,A ENG 6,QD190611,Jane,Xu
22HSAENG6,A ENG 6,QD190532,Hongwei,Zhang
22HSAENG6,A ENG 6,QD190416,Emily,Xia
22HSAENG6,A ENG 6,QD190418,Anna,Yang
22HSAENG6,A ENG 6,QD190405,Owen,Wang
22HSAENG6,A ENG 6,QD190229,Julia,Hu
22HSAENG6,A ENG 6,QD190233,Watson,Liang
22HSAENG6,A ENG 6,QD190212,Chloe,Cheng
