CourseId,Course Name,Student ID,First Name,Last Name
22HSAENG2,A ENG 2,QD190108,Henry,Cheng
22HSAENG2,A ENG 2,QD190524,Jerry,
22HSAENG2,A ENG 2,QD190332,Frank,Wang
22HSAENG2,A ENG 2,QD190329,Amber,Li
22HSAENG2,A ENG 2,QD190421,Eriksen,He
22HSAENG2,A ENG 2,QD190219,Judy,Deng
22HSAENG2,A ENG 2,QD190624,Nancy,Luo
22HSAENG2,A ENG 2,QD190614,Julie,Gu
22HSAENG2,A ENG 2,QD190603,Ryan,Li
22HSAENG2,A ENG 2,QD190226,Hermosa,Huang
22HSAENG2,A ENG 2,QD190629,Judy,Zhou
22HSAENG2,A ENG 2,QD190122,Sarah,Chen
22HSAENG2,A ENG 2,QD190330,Ariel,Duan
22HSAENG2,A ENG 2,QD190235,Yolanda,Li
22HSAENG2,A ENG 2,QD190507,Jasper,
22HSAENG2,A ENG 2,QD190502,Eason,Sun
22HSAENG2,A ENG 2,QD190527,Stephanie,Chen
