CourseId,Course Name,Student ID,First Name,Last Name
22HSMTH5,MTH 5,QD190130,Cindy,Luo
22HSMTH5,MTH 5,QD190124,Skyler,Chen
22HSMTH5,MTH 5,QD190622,Johnson,An
22HSMTH5,MTH 5,QD190110,Ella,
22HSMTH5,MTH 5,QD190301,Luke,Gao
22HSMTH5,MTH 5,QD190607,Ricky,Zheng
22HSMTH5,MTH 5,QD190310,Selina,Xue
22HSMTH5,MTH 5,QD190410,Jim,Xu
22HSMTH5,MTH 5,QD190614,Julie,Gu
22HSMTH5,MTH 5,QD190226,Hermosa,Huang
22HSMTH5,MTH 5,QD180632,Christine,Gao
22HSMTH5,MTH 5,QD190202,Henry,Dong
22HSMTH5,MTH 5,QD190518,Mela,Shen
22HSMTH5,MTH 5,QD190122,Sarah,Chen
22HSMTH5,MTH 5,QD190511,Tori,Xu
22HSMTH5,MTH 5,QD190521,Jackey,Deng
22HSMTH5,MTH 5,QD190320,Peter,Xu
22HSMTH5,MTH 5,QD190120,Henry,Luo
22HSMTH5,MTH 5,QD190407,Steven,Shi
22HSMTH5,MTH 5,QD190606,Allen,Zhang
