CourseId,Course Name,Student ID,First Name,Last Name
22HSCHN8,CHN 8,QD190608,Jerry,Zhou
22HSCHN8,CHN 8,QD190130,Cindy,Luo
22HSCHN8,CHN 8,QD190317,Alyssa,Wang
22HSCHN8,CHN 8,QD190211,Megan,Chen
22HSCHN8,CHN 8,QD190525,Linfei,Xu
22HSCHN8,CHN 8,QD190514,Lisa,Li
22HSCHN8,CHN 8,QD190301,Luke,Gao
22HSCHN8,CHN 8,QD190302,Alvin,Zhang
22HSCHN8,CHN 8,QD190321,Oliver,Liu
22HSCHN8,CHN 8,QD190215,Gloria,Wang
22HSCHN8,CHN 8,QD190309,Eric,Yuan
22HSCHN8,CHN 8,QD190106,Kevin,Bao
22HSCHN8,CHN 8,QD190111,Elaine,Wang
22HSCHN8,CHN 8,QD190431,Tina,Xue
22HSCHN8,CHN 8,QD190208,Eason,Lu
22HSCHN8,CHN 8,QD190620,Kyrie,Li
22HSCHN8,CHN 8,QD190107,Leo,Feng
22HSCHN8,CHN 8,QD190418,Anna,Yang
22HSCHN8,CHN 8,QD190632,Eric,Wu
22HSCHN8,CHN 8,QD190324,Leo,Gu
22HSCHN8,CHN 8,QD190307,Fred,Pan
22HSCHN8,CHN 8,QD190413,Ava,Pang
22HSCHN8,CHN 8,QD190326,Alina,Zheng
22HSCHN8,CHN 8,QD190533,Christine,Zhou
22HSCHN8,CHN 8,QD190231,Daisy,Ma
22HSCHN8,CHN 8,QD190404,Tony,Liu
22HSCHN8,CHN 8,QD190232,Claire,Meng
