CourseId,Course Name,Student ID,First Name,Last Name
22HSGEO4,GEO 4,QD190401,Gordon,Guo
22HSGEO4,GEO 4,QD190124,Skyler,Chen
22HSGEO4,GEO 4,QD190525,Linfei,Xu
22HSGEO4,GEO 4,QD190622,Johnson,An
22HSGEO4,GEO 4,QD190517,Angela,Qu
22HSGEO4,GEO 4,QD190201,Alex,Chang
22HSGEO4,GEO 4,QD190301,Luke,Gao
22HSGEO4,GEO 4,QD190433,Jerry,Luo
22HSGEO4,GEO 4,QD190310,Selina,Xue
22HSGEO4,GEO 4,QD190101,Robin,Fu
22HSGEO4,GEO 4,QD190532,Hongwei,Zhang
22HSGEO4,GEO 4,QD190425,Skye,Li
22HSGEO4,GEO 4,QD190304,Jerry,Wang
22HSGEO4,GEO 4,QD190518,Mela,Shen
22HSGEO4,GEO 4,QD190427,Emily,Wang
22HSGEO4,GEO 4,QD190213,Charlotte,Yao
22HSGEO4,GEO 4,QD190420,Gigi,Zhang
22HSGEO4,GEO 4,QD190405,Owen,Wang
22HSGEO4,GEO 4,QD190417,Janet,Li
22HSGEO4,GEO 4,QD190320,Peter,Xu
22HSGEO4,GEO 4,QD190120,Henry,Luo
22HSGEO4,GEO 4,QD190516,Angel,Liu
22HSGEO4,GEO 4,QD190406,John,Wu
22HSGEO4,GEO 4,QD190631,Anna,jiang
