CourseId,Course Name,Student ID,First Name,Last Name
22HSECO5,ECO 5,QD190225,Emily,Dai
22HSECO5,ECO 5,QD190109,Clara,Zhang
22HSECO5,ECO 5,QD190422,Sean,Zhang
22HSECO5,ECO 5,QD190520,Jack,Wu
22HSECO5,ECO 5,QD190129,Ashley,Zhang
22HSECO5,ECO 5,QD190308,Angus,Qiu
22HSECO5,ECO 5,QD190605,Bruce,Zhang
22HSECO5,ECO 5,QD190104,Henry,Gao
22HSECO5,ECO 5,QD190425,Skye,Li
22HSECO5,ECO 5,QD190416,Emily,Xia
22HSECO5,ECO 5,QD190504,Tony,Zhu
22HSECO5,ECO 5,QD190530,Shirley,Wu
22HSECO5,ECO 5,QD190417,Janet,Li
22HSECO5,ECO 5,QD190412,Raina,Tang
22HSECO5,ECO 5,QD190523,Hans,Zhang
22HSECO5,ECO 5,QD190210,Ivan,Chen
22HSECO5,ECO 5,QD190403,Leon,Zhang
