CourseId,Course Name,Student ID,First Name,Last Name
22HSENG7,ENG 7,QD190102,Skye,Qiu
22HSENG7,ENG 7,QD190619,Lawrence,Wang
22HSENG7,ENG 7,QD190428,Leticia,Wang
22HSENG7,ENG 7,QD190622,Johnson,An
22HSENG7,ENG 7,QD190301,Luke,Gao
22HSENG7,ENG 7,QD190219,Judy,Deng
22HSENG7,ENG 7,QD190106,Kevin,Bao
22HSENG7,ENG 7,QD190522,Tony,Hu
22HSENG7,ENG 7,QD190303,Jacky,Fu
22HSENG7,ENG 7,QD190410,Jim,Xu
22HSENG7,ENG 7,QD190614,Julie,Gu
22HSENG7,ENG 7,QD190512,Yolanda,Li
22HSENG7,ENG 7,QD190224,David,Zhou
22HSENG7,ENG 7,QD190611,Jane,Xu
22HSENG7,ENG 7,QD190532,Hongwei,Zhang
22HSENG7,ENG 7,QD190620,Kyrie,Li
22HSENG7,ENG 7,QD190202,Henry,Dong
22HSENG7,ENG 7,QD190416,Emily,Xia
22HSENG7,ENG 7,QD190632,Eric,Wu
22HSENG7,ENG 7,QD190122,Sarah,Chen
22HSENG7,ENG 7,QD190120,Henry,Luo
22HSENG7,ENG 7,QD190406,John,Wu
22HSENG7,ENG 7,QD190527,Stephanie,Chen
