CourseId,Course Name,Student ID,First Name,Last Name
22HSART2,ART 2,QD190422,Sean,Zhang
22HSART2,ART 2,QD190517,Angela,Qu
22HSART2,ART 2,QD190615,Victoria,Zhang
22HSART2,ART 2,QD190301,Luke,Gao
22HSART2,ART 2,QD190522,Tony,Hu
22HSART2,ART 2,QD190114,Cindy,Cao
22HSART2,ART 2,QD190611,Jane,Xu
22HSART2,ART 2,QD190532,Hongwei,Zhang
22HSART2,ART 2,QD190416,Emily,Xia
22HSART2,ART 2,QD190418,Anna,Yang
22HSART2,ART 2,QD190405,Owen,Wang
22HSART2,ART 2,QD190229,Julia,Hu
22HSART2,ART 2,QD190233,Watson,Liang
22HSART2,ART 2,QD190212,Chloe,Cheng
