CourseId,Course Name,Student ID,First Name,Last Name
22HSPHY2,PHY 2,QD190327,Chloe,Liu
22HSPHY2,PHY 2,QD190130,Cindy,Luo
22HSPHY2,PHY 2,QD190428,Leticia,Wang
22HSPHY2,PHY 2,QD190332,Frank,Wang
22HSPHY2,PHY 2,QD190129,Ashley,Zhang
22HSPHY2,PHY 2,QD190526,Nancy,Chen
22HSPHY2,PHY 2,QD190421,Eriksen,He
22HSPHY2,PHY 2,QD190215,Gloria,Wang
22HSPHY2,PHY 2,QD190309,Eric,Yuan
22HSPHY2,PHY 2,QD190614,Julie,Gu
22HSPHY2,PHY 2,QD190603,Ryan,Li
22HSPHY2,PHY 2,QD190306,Steven,Shen
22HSPHY2,PHY 2,QD190506,Kevin,Zhang
22HSPHY2,PHY 2,QD190117,Lizzy,Chen
22HSPHY2,PHY 2,QD190206,Hance,Hu
22HSPHY2,PHY 2,QD190333,Eric,Zhao
22HSPHY2,PHY 2,QD190530,Shirley,Wu
22HSPHY2,PHY 2,QD190234,Leo,Zeng
22HSPHY2,PHY 2,QD190126,Emma,Lu
22HSPHY2,PHY 2,QD190112,Clara,Wu
22HSPHY2,PHY 2,QD190429,Riley,Weng
22HSPHY2,PHY 2,QD190235,Yolanda,Li
22HSPHY2,PHY 2,QD190403,Leon,Zhang
22HSPHY2,PHY 2,QD190113,Rain,Wu
