CourseId,Course Name,Student ID,First Name,Last Name
22HSHIS1,HIS 1,QD190619,Lawrence,Wang
22HSHIS1,HIS 1,QD190327,Chloe,Liu
22HSHIS1,HIS 1,QD190220,Jack,Chen
22HSHIS1,HIS 1,QD190426,Marjorie,
22HSHIS1,HIS 1,QD190627,Bella,Zhang
22HSHIS1,HIS 1,QD190332,Frank,Wang
22HSHIS1,HIS 1,QD190526,Nancy,Chen
22HSHIS1,HIS 1,QD190315,Ariana,Ren
22HSHIS1,HIS 1,QD190230,Susie,Chen
22HSHIS1,HIS 1,QD190624,Nancy,Luo
22HSHIS1,HIS 1,QD190433,Jerry,Luo
22HSHIS1,HIS 1,QD190411,Sonia,Zhang
22HSHIS1,HIS 1,QD190603,Ryan,Li
22HSHIS1,HIS 1,QD190224,David,Zhou
22HSHIS1,HIS 1,QD190118,Lora,Luo
22HSHIS1,HIS 1,QD190620,Kyrie,Li
22HSHIS1,HIS 1,QD190528,Joyce,Fan
22HSHIS1,HIS 1,QD190505,Jerry,Yao
22HSHIS1,HIS 1,QD190503,Jason,Zhu
22HSHIS1,HIS 1,QD190333,Eric,Zhao
22HSHIS1,HIS 1,QD190434,Taimei,Wang
22HSHIS1,HIS 1,QD180601,James,Fu
22HSHIS1,HIS 1,QD190221,Tom,Lin
22HSHIS1,HIS 1,QD190413,Ava,Pang
22HSHIS1,HIS 1,QD190419,Ella,Kuai
22HSHIS1,HIS 1,QD190217,Noemie,Feng
22HSHIS1,HIS 1,QD190519,Emma,Wang
22HSHIS1,HIS 1,QD190235,Yolanda,Li
22HSHIS1,HIS 1,QD190516,Angel,Liu
22HSHIS1,HIS 1,QD190113,Rain,Wu
22HSHIS1,HIS 1,QD190527,Stephanie,Chen
