CourseId,Course Name,Student ID,First Name,Last Name
22HSPE3,PE 3,QD190130,Cindy,Luo
22HSPE3,PE 3,QD190124,Skyler,Chen
22HSPE3,PE 3,QD190622,Johnson,An
22HSPE3,PE 3,QD190110,Ella,
22HSPE3,PE 3,QD190301,Luke,Gao
22HSPE3,PE 3,QD190607,Ricky,Zheng
22HSPE3,PE 3,QD190310,Selina,Xue
22HSPE3,PE 3,QD190410,Jim,Xu
22HSPE3,PE 3,QD190614,Julie,Gu
22HSPE3,PE 3,QD190226,Hermosa,Huang
22HSPE3,PE 3,QD180632,Christine,Gao
22HSPE3,PE 3,QD190202,Henry,Dong
22HSPE3,PE 3,QD190518,Mela,Shen
22HSPE3,PE 3,QD190122,Sarah,Chen
22HSPE3,PE 3,QD190511,Tori,Xu
22HSPE3,PE 3,QD190521,Jackey,Deng
22HSPE3,PE 3,QD190320,Peter,Xu
22HSPE3,PE 3,QD190120,Henry,Luo
22HSPE3,PE 3,QD190407,Steven,Shi
22HSPE3,PE 3,QD190606,Allen,Zhang
22HSPE3,PE 3,QD190317,Alyssa,Wang
22HSPE3,PE 3,QD190409,Christo,Shen
22HSPE3,PE 3,QD190513,Cindy,Huang
22HSPE3,PE 3,QD190201,Alex,Chang
22HSPE3,PE 3,QD190531,Wendy,Zheng
22HSPE3,PE 3,QD190309,Eric,Yuan
22HSPE3,PE 3,QD190216,Robin,Cui
22HSPE3,PE 3,QD190123,Vera,Chen
22HSPE3,PE 3,QD190512,Yolanda,Li
22HSPE3,PE 3,QD190611,Jane,Xu
22HSPE3,PE 3,QD190506,Kevin,Zhang
22HSPE3,PE 3,QD190304,Jerry,Wang
22HSPE3,PE 3,QD190213,Charlotte,Yao
22HSPE3,PE 3,QD190424,Olivia,Wang
22HSPE3,PE 3,QD190420,Gigi,Zhang
22HSPE3,PE 3,QD190405,Owen,Wang
22HSPE3,PE 3,QD190326,Alina,Zheng
22HSPE3,PE 3,QD190507,Jasper,
22HSPE3,PE 3,QD190406,John,Wu
22HSPE3,PE 3,QD190404,Tony,Liu
