CourseId,Course Name,Student ID,First Name,Last Name
22HSPE4,PE 4,QD190314,Jessie,Zhao
22HSPE4,PE 4,QD190428,Leticia,Wang
22HSPE4,PE 4,QD190601,Carus,He
22HSPE4,PE 4,QD190514,Lisa,Li
22HSPE4,PE 4,QD190129,Ashley,Zhang
22HSPE4,PE 4,QD190308,Angus,Qiu
22HSPE4,PE 4,QD190321,Oliver,Liu
22HSPE4,PE 4,QD190430,Elsie,Peng
22HSPE4,PE 4,QD190224,David,Zhou
22HSPE4,PE 4,QD190128,Raymond,Cao
22HSPE4,PE 4,QD190425,Skye,Li
22HSPE4,PE 4,QD190602,Jimmy,Zhao
22HSPE4,PE 4,QD190414,Luna,Zong
22HSPE4,PE 4,QD190227,Cindy,Chen
22HSPE4,PE 4,QD190324,Leo,Gu
22HSPE4,PE 4,QD190413,Ava,Pang
22HSPE4,PE 4,QD190417,Janet,Li
22HSPE4,PE 4,QD190630,Bill,Zhang
22HSPE4,PE 4,QD190330,Ariel,Duan
22HSPE4,PE 4,QD190523,Hans,Zhang
22HSPE4,PE 4,QD190519,Emma,Wang
22HSPE4,PE 4,QD190207,Alanzo,Jiang
22HSPE4,PE 4,QD190235,Yolanda,Li
22HSPE4,PE 4,QD190509,Joshua,Zhang
22HSPE4,PE 4,QD190231,Daisy,Ma
22HSPE4,PE 4,QD190631,Anna,jiang
22HSPE4,PE 4,QD190102,Skye,Qiu
22HSPE4,PE 4,QD190108,Henry,Cheng
22HSPE4,PE 4,QD190401,Gordon,Guo
22HSPE4,PE 4,QD190422,Sean,Zhang
22HSPE4,PE 4,QD190426,Marjorie,
22HSPE4,PE 4,QD190517,Angela,Qu
22HSPE4,PE 4,QD190615,Victoria,Zhang
22HSPE4,PE 4,QD190311,Max,Li
22HSPE4,PE 4,QD190219,Judy,Deng
22HSPE4,PE 4,QD190624,Nancy,Luo
22HSPE4,PE 4,QD190114,Cindy,Cao
22HSPE4,PE 4,QD190119,Alex,Wang
22HSPE4,PE 4,QD190218,Eva,Ji
22HSPE4,PE 4,QD190101,Robin,Fu
22HSPE4,PE 4,QD190532,Hongwei,Zhang
22HSPE4,PE 4,QD190528,Joyce,Fan
22HSPE4,PE 4,QD190117,Lizzy,Chen
22HSPE4,PE 4,QD190505,Jerry,Yao
22HSPE4,PE 4,QD180601,James,Fu
22HSPE4,PE 4,QD190229,Julia,Hu
22HSPE4,PE 4,QD190103,James,Song
22HSPE4,PE 4,QD190419,Ella,Kuai
22HSPE4,PE 4,QD190233,Watson,Liang
22HSPE4,PE 4,QD190610,Nico,Jiang
22HSPE4,PE 4,QD190527,Stephanie,Chen
