CourseId,Course Name,Student ID,First Name,Last Name
22HSMTH6,MTH 6,QD190317,Alyssa,Wang
22HSMTH6,MTH 6,QD190409,Christo,Shen
22HSMTH6,MTH 6,QD190513,Cindy,Huang
22HSMTH6,MTH 6,QD190201,Alex,Chang
22HSMTH6,MTH 6,QD190531,Wendy,Zheng
22HSMTH6,MTH 6,QD190309,Eric,Yuan
22HSMTH6,MTH 6,QD190216,Robin,Cui
22HSMTH6,MTH 6,QD190123,Vera,Chen
22HSMTH6,MTH 6,QD190512,Yolanda,Li
22HSMTH6,MTH 6,QD190611,Jane,Xu
22HSMTH6,MTH 6,QD190506,Kevin,Zhang
22HSMTH6,MTH 6,QD190304,Jerry,Wang
22HSMTH6,MTH 6,QD190213,Charlotte,Yao
22HSMTH6,MTH 6,QD190424,Olivia,Wang
22HSMTH6,MTH 6,QD190420,Gigi,Zhang
22HSMTH6,MTH 6,QD190405,Owen,Wang
22HSMTH6,MTH 6,QD190326,Alina,Zheng
22HSMTH6,MTH 6,QD190507,Jasper,
22HSMTH6,MTH 6,QD190406,John,Wu
22HSMTH6,MTH 6,QD190404,Tony,Liu
