CourseId,Course Name,Student ID,First Name,Last Name
22HSMUS2,MUS 2,QD190327,Chloe,Liu
22HSMUS2,MUS 2,QD190510,Cecilia,Wu
22HSMUS2,MUS 2,QD190625,Elva,Yao
22HSMUS2,MUS 2,QD190525,Linfei,Xu
22HSMUS2,MUS 2,QD190201,Alex,Chang
22HSMUS2,MUS 2,QD190302,Alvin,Zhang
22HSMUS2,MUS 2,QD190125,Aurora,Chen
22HSMUS2,MUS 2,QD190303,Jacky,Fu
22HSMUS2,MUS 2,QD190415,Annie,Wu
22HSMUS2,MUS 2,QD190118,Lora,Luo
22HSMUS2,MUS 2,QD190213,Charlotte,Yao
22HSMUS2,MUS 2,QD190609,Tony,She
22HSMUS2,MUS 2,QD190112,Clara,Wu
22HSMUS2,MUS 2,QD190115,Cathy,
22HSMUS2,MUS 2,QD190429,Riley,Weng
22HSMUS2,MUS 2,QD190408,Chris,Wang
22HSMUS2,MUS 2,QD190113,Rain,Wu
22HSMUS2,MUS 2,QD190232,Claire,Meng
