CourseId,Course Name,Student ID,First Name,Last Name
22HSART5,ART 5,QD190225,Emily,Dai
22HSART5,ART 5,QD190520,Jack,Wu
22HSART5,ART 5,QD190508,James,Yao
22HSART5,ART 5,QD190605,Bruce,Zhang
22HSART5,ART 5,QD190215,Gloria,Wang
22HSART5,ART 5,QD190411,Sonia,Zhang
22HSART5,ART 5,QD190123,Vera,Chen
22HSART5,ART 5,QD190528,Joyce,Fan
22HSART5,ART 5,QD190304,Jerry,Wang
22HSART5,ART 5,QD190414,Luna,Zong
22HSART5,ART 5,QD190504,Tony,Zhu
22HSART5,ART 5,QD190413,Ava,Pang
22HSART5,ART 5,QD190326,Alina,Zheng
22HSART5,ART 5,QD190204,Lucien,
22HSART5,ART 5,QD190606,Allen,Zhang
