CourseId,Course Name,Student ID,First Name,Last Name
22HSPHY5,PHY 5,QD190616,Cynthia,Zhou
22HSPHY5,PHY 5,QD190625,Elva,Yao
22HSPHY5,PHY 5,QD190220,Jack,Chen
22HSPHY5,PHY 5,QD190627,Bella,Zhang
22HSPHY5,PHY 5,QD190319,Rachel,Chen
22HSPHY5,PHY 5,QD190628,Iris,Ding
22HSPHY5,PHY 5,QD190315,Ariana,Ren
22HSPHY5,PHY 5,QD190321,Oliver,Liu
22HSPHY5,PHY 5,QD190433,Jerry,Luo
22HSPHY5,PHY 5,QD190121,Jerry,Zhu
22HSPHY5,PHY 5,QD190224,David,Zhou
22HSPHY5,PHY 5,QD190118,Lora,Luo
22HSPHY5,PHY 5,QD190620,Kyrie,Li
22HSPHY5,PHY 5,QD190528,Joyce,Fan
22HSPHY5,PHY 5,QD190602,Jimmy,Zhao
22HSPHY5,PHY 5,QD190107,Leo,Feng
22HSPHY5,PHY 5,QD190324,Leo,Gu
22HSPHY5,PHY 5,QD190221,Tom,Lin
22HSPHY5,PHY 5,QD190103,James,Song
22HSPHY5,PHY 5,QD190233,Watson,Liang
22HSPHY5,PHY 5,QD190115,Cathy,
22HSPHY5,PHY 5,QD190509,Joshua,Zhang
22HSPHY5,PHY 5,QD190231,Daisy,Ma
