CourseId,Course Name,Student ID,First Name,Last Name
22HSPHY4,PHY 4,QD190619,Lawrence,Wang
22HSPHY4,PHY 4,QD190124,Skyler,Chen
22HSPHY4,PHY 4,QD190422,Sean,Zhang
22HSPHY4,PHY 4,QD190622,Johnson,An
22HSPHY4,PHY 4,QD190110,Ella,
22HSPHY4,PHY 4,QD190615,Victoria,Zhang
22HSPHY4,PHY 4,QD190308,Angus,Qiu
22HSPHY4,PHY 4,QD190531,Wendy,Zheng
22HSPHY4,PHY 4,QD190216,Robin,Cui
22HSPHY4,PHY 4,QD190529,Linda,Pan
22HSPHY4,PHY 4,QD190218,Eva,Ji
22HSPHY4,PHY 4,QD190629,Judy,Zhou
22HSPHY4,PHY 4,QD190425,Skye,Li
22HSPHY4,PHY 4,QD190304,Jerry,Wang
22HSPHY4,PHY 4,QD190518,Mela,Shen
22HSPHY4,PHY 4,QD190305,Eddy,Liu
22HSPHY4,PHY 4,QD190127,Sam,Luo
22HSPHY4,PHY 4,QD190521,Jackey,Deng
22HSPHY4,PHY 4,QD190609,Tony,She
22HSPHY4,PHY 4,QD190402,Justin,Tang
22HSPHY4,PHY 4,QD190432,Amy,Zhang
22HSPHY4,PHY 4,QD190507,Jasper,
22HSPHY4,PHY 4,QD190408,Chris,Wang
22HSPHY4,PHY 4,QD190502,Eason,Sun
