CourseId,Course Name,Student ID,First Name,Last Name
22HSENG4,ENG 4,QD190327,Chloe,Liu
22HSENG4,ENG 4,QD190617,Evangeline,Wang
22HSENG4,ENG 4,QD190510,Cecilia,Wu
22HSENG4,ENG 4,QD190513,Cindy,Huang
22HSENG4,ENG 4,QD190209,Fred,Fang
22HSENG4,ENG 4,QD180128,Ada,Tantai
22HSENG4,ENG 4,QD190517,Angela,Qu
22HSENG4,ENG 4,QD190526,Nancy,Chen
22HSENG4,ENG 4,QD190329,Amber,Li
22HSENG4,ENG 4,QD190624,Nancy,Luo
22HSENG4,ENG 4,QD190433,Jerry,Luo
22HSENG4,ENG 4,QD190123,Vera,Chen
22HSENG4,ENG 4,QD190515,Rita,Li
22HSENG4,ENG 4,QD190528,Joyce,Fan
22HSENG4,ENG 4,QD190206,Hance,Hu
22HSENG4,ENG 4,QD190414,Luna,Zong
22HSENG4,ENG 4,QD190530,Shirley,Wu
22HSENG4,ENG 4,QD190405,Owen,Wang
22HSENG4,ENG 4,QD190221,Tom,Lin
22HSENG4,ENG 4,QD190417,Janet,Li
22HSENG4,ENG 4,QD190330,Ariel,Duan
22HSENG4,ENG 4,QD190126,Emma,Lu
22HSENG4,ENG 4,QD190235,Yolanda,Li
22HSENG4,ENG 4,QD190204,Lucien,
22HSENG4,ENG 4,QD190509,Joshua,Zhang
22HSENG4,ENG 4,QD190113,Rain,Wu
