CourseId,Course Name,Student ID,First Name,Last Name
22HSCHM3,CHM 3,QD190102,Skye,Qiu
22HSCHM3,CHM 3,QD190625,Elva,Yao
22HSCHM3,CHM 3,QD190428,Leticia,Wang
22HSCHM3,CHM 3,QD190524,Jerry,
22HSCHM3,CHM 3,QD190319,Rachel,Chen
22HSCHM3,CHM 3,QD190605,Bruce,Zhang
22HSCHM3,CHM 3,QD190607,Ricky,Zheng
22HSCHM3,CHM 3,QD190114,Cindy,Cao
22HSCHM3,CHM 3,QD190410,Jim,Xu
22HSCHM3,CHM 3,QD190415,Annie,Wu
22HSCHM3,CHM 3,QD190306,Steven,Shen
22HSCHM3,CHM 3,QD180632,Christine,Gao
22HSCHM3,CHM 3,QD190505,Jerry,Yao
22HSCHM3,CHM 3,QD190504,Tony,Zhu
22HSCHM3,CHM 3,QD190227,Cindy,Chen
22HSCHM3,CHM 3,QD190511,Tori,Xu
22HSCHM3,CHM 3,QD190103,James,Song
22HSCHM3,CHM 3,QD190419,Ella,Kuai
22HSCHM3,CHM 3,QD190217,Noemie,Feng
22HSCHM3,CHM 3,QD190120,Henry,Luo
22HSCHM3,CHM 3,QD190406,John,Wu
22HSCHM3,CHM 3,QD190212,Chloe,Cheng
