CourseId,Course Name,Student ID,First Name,Last Name
22HSAENG11,A ENG 11,QD190225,Emily,Dai
22HSAENG11,A ENG 11,QD190520,Jack,Wu
22HSAENG11,A ENG 11,QD190508,James,Yao
22HSAENG11,A ENG 11,QD190605,Bruce,Zhang
22HSAENG11,A ENG 11,QD190215,Gloria,Wang
22HSAENG11,A ENG 11,QD190411,Sonia,Zhang
22HSAENG11,A ENG 11,QD190123,Vera,Chen
22HSAENG11,A ENG 11,QD190528,Joyce,Fan
22HSAENG11,A ENG 11,QD190304,Jerry,Wang
22HSAENG11,A ENG 11,QD190414,Luna,Zong
22HSAENG11,A ENG 11,QD190504,Tony,Zhu
22HSAENG11,A ENG 11,QD190413,Ava,Pang
22HSAENG11,A ENG 11,QD190326,Alina,Zheng
22HSAENG11,A ENG 11,QD190204,Lucien,
22HSAENG11,A ENG 11,QD190606,Allen,Zhang
