CourseId,Course Name,Student ID,First Name,Last Name
22HSCMS1,CMS 1,QD190102,Skye,Qiu
22HSCMS1,CMS 1,QD190124,Skyler,Chen
22HSCMS1,CMS 1,QD190409,Christo,Shen
22HSCMS1,CMS 1,QD190622,Johnson,An
22HSCMS1,CMS 1,QD190110,Ella,
22HSCMS1,CMS 1,QD190315,Ariana,Ren
22HSCMS1,CMS 1,QD190433,Jerry,Luo
22HSCMS1,CMS 1,QD190310,Selina,Xue
22HSCMS1,CMS 1,QD190123,Vera,Chen
22HSCMS1,CMS 1,QD190425,Skye,Li
22HSCMS1,CMS 1,QD190528,Joyce,Fan
22HSCMS1,CMS 1,QD190304,Jerry,Wang
22HSCMS1,CMS 1,QD190518,Mela,Shen
22HSCMS1,CMS 1,QD190107,Leo,Feng
22HSCMS1,CMS 1,QD190227,Cindy,Chen
22HSCMS1,CMS 1,QD190420,Gigi,Zhang
22HSCMS1,CMS 1,QD190405,Owen,Wang
22HSCMS1,CMS 1,QD190521,Jackey,Deng
22HSCMS1,CMS 1,QD190221,Tom,Lin
22HSCMS1,CMS 1,QD190412,Raina,Tang
22HSCMS1,CMS 1,QD190407,Steven,Shi
22HSCMS1,CMS 1,QD190516,Angel,Liu
22HSCMS1,CMS 1,QD190406,John,Wu
22HSCMS1,CMS 1,QD190404,Tony,Liu
22HSCMS1,CMS 1,QD190631,Anna,jiang
