CourseId,Course Name,Student ID,First Name,Last Name
22HSBIO4,BIO 4,QD190616,Cynthia,Zhou
22HSBIO4,BIO 4,QD190510,Cecilia,Wu
22HSBIO4,BIO 4,QD190513,Cindy,Huang
22HSBIO4,BIO 4,QD190211,Megan,Chen
22HSBIO4,BIO 4,QD190514,Lisa,Li
22HSBIO4,BIO 4,QD190311,Max,Li
22HSBIO4,BIO 4,QD190321,Oliver,Liu
22HSBIO4,BIO 4,QD190430,Elsie,Peng
22HSBIO4,BIO 4,QD190125,Aurora,Chen
22HSBIO4,BIO 4,QD190111,Elaine,Wang
22HSBIO4,BIO 4,QD190226,Hermosa,Huang
22HSBIO4,BIO 4,QD190208,Eason,Lu
22HSBIO4,BIO 4,QD190213,Charlotte,Yao
22HSBIO4,BIO 4,QD190324,Leo,Gu
22HSBIO4,BIO 4,QD190530,Shirley,Wu
22HSBIO4,BIO 4,QD190214,Kiki,Lian
22HSBIO4,BIO 4,QD190417,Janet,Li
22HSBIO4,BIO 4,QD190523,Hans,Zhang
22HSBIO4,BIO 4,QD190115,Cathy,
22HSBIO4,BIO 4,QD190429,Riley,Weng
22HSBIO4,BIO 4,QD190207,Alanzo,Jiang
