CourseId,Course Name,Student ID,First Name,Last Name
22HSBIO2,BIO 2,QD190608,Jerry,Zhou
22HSBIO2,BIO 2,QD190617,Evangeline,Wang
22HSBIO2,BIO 2,QD190401,Gordon,Guo
22HSBIO2,BIO 2,QD190525,Linfei,Xu
22HSBIO2,BIO 2,QD190601,Carus,He
22HSBIO2,BIO 2,QD190219,Judy,Deng
22HSBIO2,BIO 2,QD190222,Alfred,Lyu
22HSBIO2,BIO 2,QD190114,Cindy,Cao
22HSBIO2,BIO 2,QD190218,Eva,Ji
22HSBIO2,BIO 2,QD190415,Annie,Wu
22HSBIO2,BIO 2,QD190431,Tina,Xue
22HSBIO2,BIO 2,QD190515,Rita,Li
22HSBIO2,BIO 2,QD190613,Arestia,Chen
22HSBIO2,BIO 2,QD190418,Anna,Yang
22HSBIO2,BIO 2,QD190604,Max,Xiao
22HSBIO2,BIO 2,QD190413,Ava,Pang
22HSBIO2,BIO 2,QD190330,Ariel,Duan
22HSBIO2,BIO 2,QD190217,Noemie,Feng
22HSBIO2,BIO 2,QD190519,Emma,Wang
22HSBIO2,BIO 2,QD190204,Lucien,
22HSBIO2,BIO 2,QD190408,Chris,Wang
22HSBIO2,BIO 2,QD190516,Angel,Liu
22HSBIO2,BIO 2,QD190105,Alex,Gu
