CourseId,Course Name,Student ID,First Name,Last Name
22HSGEO2,GEO 2,QD190225,Emily,Dai
22HSGEO2,GEO 2,QD190619,Lawrence,Wang
22HSGEO2,GEO 2,QD190220,Jack,Chen
22HSGEO2,GEO 2,QD190426,Marjorie,
22HSGEO2,GEO 2,QD190628,Iris,Ding
22HSGEO2,GEO 2,QD190615,Victoria,Zhang
22HSGEO2,GEO 2,QD190230,Susie,Chen
22HSGEO2,GEO 2,QD190121,Jerry,Zhu
22HSGEO2,GEO 2,QD190411,Sonia,Zhang
22HSGEO2,GEO 2,QD190218,Eva,Ji
22HSGEO2,GEO 2,QD190415,Annie,Wu
22HSGEO2,GEO 2,QD190118,Lora,Luo
22HSGEO2,GEO 2,QD190505,Jerry,Yao
22HSGEO2,GEO 2,QD190305,Eddy,Liu
22HSGEO2,GEO 2,QD190504,Tony,Zhu
22HSGEO2,GEO 2,QD190127,Sam,Luo
22HSGEO2,GEO 2,QD190229,Julia,Hu
22HSGEO2,GEO 2,QD190523,Hans,Zhang
22HSGEO2,GEO 2,QD190233,Watson,Liang
22HSGEO2,GEO 2,QD190210,Ivan,Chen
22HSGEO2,GEO 2,QD190507,Jasper,
22HSGEO2,GEO 2,QD190502,Eason,Sun
