CourseId,Course Name,Student ID,First Name,Last Name
22HSCHM1,CHM 1,QD190510,Cecilia,Wu
22HSCHM1,CHM 1,QD190513,Cindy,Huang
22HSCHM1,CHM 1,QD190601,Carus,He
22HSCHM1,CHM 1,QD190520,Jack,Wu
22HSCHM1,CHM 1,QD190612,Rachel,Zeng
22HSCHM1,CHM 1,QD190308,Angus,Qiu
22HSCHM1,CHM 1,QD190624,Nancy,Luo
22HSCHM1,CHM 1,QD190222,Alfred,Lyu
22HSCHM1,CHM 1,QD190104,Henry,Gao
22HSCHM1,CHM 1,QD190512,Yolanda,Li
22HSCHM1,CHM 1,QD190224,David,Zhou
22HSCHM1,CHM 1,QD190620,Kyrie,Li
22HSCHM1,CHM 1,QD190613,Arestia,Chen
22HSCHM1,CHM 1,QD190503,Jason,Zhu
22HSCHM1,CHM 1,QD190413,Ava,Pang
22HSCHM1,CHM 1,QD190326,Alina,Zheng
22HSCHM1,CHM 1,QD190609,Tony,She
22HSCHM1,CHM 1,QD190330,Ariel,Duan
22HSCHM1,CHM 1,QD190519,Emma,Wang
22HSCHM1,CHM 1,QD190325,Coco,Lin
22HSCHM1,CHM 1,QD190606,Allen,Zhang
22HSCHM1,CHM 1,QD190232,Claire,Meng
