CourseId,Course Name,Student ID,First Name,Last Name
22HSMTH8,MTH LOW 8,QD190314,Jessie,Zhao
22HSMTH8,MTH LOW 8,QD190428,Leticia,Wang
22HSMTH8,MTH LOW 8,QD190601,Carus,He
22HSMTH8,MTH LOW 8,QD190514,Lisa,Li
22HSMTH8,MTH LOW 8,QD190129,Ashley,Zhang
22HSMTH8,MTH LOW 8,QD190308,Angus,Qiu
22HSMTH8,MTH LOW 8,QD190321,Oliver,Liu
22HSMTH8,MTH LOW 8,QD190430,Elsie,Peng
22HSMTH8,MTH LOW 8,QD190224,David,Zhou
22HSMTH8,MTH LOW 8,QD190128,Raymond,Cao
22HSMTH8,MTH LOW 8,QD190425,Skye,Li
22HSMTH8,MTH LOW 8,QD190602,Jimmy,Zhao
22HSMTH8,MTH LOW 8,QD190414,Luna,Zong
22HSMTH8,MTH LOW 8,QD190227,Cindy,Chen
22HSMTH8,MTH LOW 8,QD190324,Leo,Gu
22HSMTH8,MTH LOW 8,QD190413,Ava,Pang
22HSMTH8,MTH LOW 8,QD190417,Janet,Li
22HSMTH8,MTH LOW 8,QD190630,Bill,Zhang
22HSMTH8,MTH LOW 8,QD190330,Ariel,Duan
22HSMTH8,MTH LOW 8,QD190523,Hans,Zhang
22HSMTH8,MTH LOW 8,QD190519,Emma,Wang
22HSMTH8,MTH LOW 8,QD190207,Alanzo,Jiang
22HSMTH8,MTH LOW 8,QD190235,Yolanda,Li
22HSMTH8,MTH LOW 8,QD190509,Joshua,Zhang
22HSMTH8,MTH LOW 8,QD190231,Daisy,Ma
22HSMTH8,MTH LOW 8,QD190631,Anna,jiang
