CourseId,Course Name,Student ID,First Name,Last Name
22HSMUS1,MUS 1,QD190102,Skye,Qiu
22HSMUS1,MUS 1,QD190314,Jessie,Zhao
22HSMUS1,MUS 1,QD190317,Alyssa,Wang
22HSMUS1,MUS 1,QD190220,Jack,Chen
22HSMUS1,MUS 1,QD190514,Lisa,Li
22HSMUS1,MUS 1,QD190203,Jerry,Li
22HSMUS1,MUS 1,QD190328,Carina,Lv
22HSMUS1,MUS 1,QD190106,Kevin,Bao
22HSMUS1,MUS 1,QD190431,Tina,Xue
22HSMUS1,MUS 1,QD190331,Eva,Lu
22HSMUS1,MUS 1,QD190214,Kiki,Lian
22HSMUS1,MUS 1,QD190412,Raina,Tang
22HSMUS1,MUS 1,QD190116,Emily,Chen
22HSMUS1,MUS 1,QD190120,Henry,Luo
22HSMUS1,MUS 1,QD190210,Ivan,Chen
22HSMUS1,MUS 1,QD190231,Daisy,Ma
22HSMUS1,MUS 1,QD190516,Angel,Liu
22HSMUS1,MUS 1,QD190105,Alex,Gu
