CourseId,Course Name,Student ID,First Name,Last Name
22HSPOL8,POL 8,QD190616,Cynthia,Zhou
22HSPOL8,POL 8,QD190510,Cecilia,Wu
22HSPOL8,POL 8,QD190513,Cindy,Huang
22HSPOL8,POL 8,QD190422,Sean,Zhang
22HSPOL8,POL 8,QD190517,Angela,Qu
22HSPOL8,POL 8,QD190201,Alex,Chang
22HSPOL8,POL 8,QD190430,Elsie,Peng
22HSPOL8,POL 8,QD190531,Wendy,Zheng
22HSPOL8,POL 8,QD190216,Robin,Cui
22HSPOL8,POL 8,QD190623,Nancy,Yu
22HSPOL8,POL 8,QD190208,Eason,Lu
22HSPOL8,POL 8,QD190626,Christina,Zhang
22HSPOL8,POL 8,QD190602,Jimmy,Zhao
22HSPOL8,POL 8,QD190424,Olivia,Wang
22HSPOL8,POL 8,QD190324,Leo,Gu
22HSPOL8,POL 8,QD190214,Kiki,Lian
22HSPOL8,POL 8,QD190417,Janet,Li
22HSPOL8,POL 8,QD190115,Cathy,
22HSPOL8,POL 8,QD190429,Riley,Weng
22HSPOL8,POL 8,QD190507,Jasper,
22HSPOL8,POL 8,QD190231,Daisy,Ma
