CourseId,Course Name,Student ID,First Name,Last Name
22HSFILM,FILM,QD190108,Henry,Cheng
22HSFILM,FILM,QD190524,Jerry,
22HSFILM,FILM,QD190332,Frank,Wang
22HSFILM,FILM,QD190329,Amber,Li
22HSFILM,FILM,QD190421,Eriksen,He
22HSFILM,FILM,QD190219,Judy,Deng
22HSFILM,FILM,QD190624,Nancy,Luo
22HSFILM,FILM,QD190614,Julie,Gu
22HSFILM,FILM,QD190603,Ryan,Li
22HSFILM,FILM,QD190226,Hermosa,Huang
22HSFILM,FILM,QD190629,Judy,Zhou
22HSFILM,FILM,QD190122,Sarah,Chen
22HSFILM,FILM,QD190330,Ariel,Duan
22HSFILM,FILM,QD190235,Yolanda,Li
22HSFILM,FILM,QD190507,Jasper,
22HSFILM,FILM,QD190502,Eason,Sun
22HSFILM,FILM,QD190527,Stephanie,Chen
