CourseId,Course Name,Student ID,First Name,Last Name
22HSCHN1,CHN 1,QD190108,Henry,Cheng
22HSCHN1,CHN 1,QD190401,Gordon,Guo
22HSCHN1,CHN 1,QD190124,Skyler,Chen
22HSCHN1,CHN 1,QD190524,Jerry,
22HSCHN1,CHN 1,QD190622,Johnson,An
22HSCHN1,CHN 1,QD190209,Fred,Fang
22HSCHN1,CHN 1,QD190329,Amber,Li
22HSCHN1,CHN 1,QD190230,Susie,Chen
22HSCHN1,CHN 1,QD190433,Jerry,Luo
22HSCHN1,CHN 1,QD190607,Ricky,Zheng
22HSCHN1,CHN 1,QD190529,Linda,Pan
22HSCHN1,CHN 1,QD190218,Eva,Ji
22HSCHN1,CHN 1,QD190415,Annie,Wu
22HSCHN1,CHN 1,QD190629,Judy,Zhou
22HSCHN1,CHN 1,QD180632,Christine,Gao
22HSCHN1,CHN 1,QD190304,Jerry,Wang
22HSCHN1,CHN 1,QD190414,Luna,Zong
22HSCHN1,CHN 1,QD190213,Charlotte,Yao
22HSCHN1,CHN 1,QD190511,Tori,Xu
22HSCHN1,CHN 1,QD180601,James,Fu
22HSCHN1,CHN 1,QD190630,Bill,Zhang
22HSCHN1,CHN 1,QD190621,James,Zhang
22HSCHN1,CHN 1,QD190217,Noemie,Feng
22HSCHN1,CHN 1,QD190432,Amy,Zhang
22HSCHN1,CHN 1,QD190509,Joshua,Zhang
22HSCHN1,CHN 1,QD190408,Chris,Wang
22HSCHN1,CHN 1,QD190406,John,Wu
