CourseId,Course Name,Student ID,First Name,Last Name
22HSTHT1,THT 1,QD190608,Jerry,Zhou
22HSTHT1,THT 1,QD190109,Clara,Zhang
22HSTHT1,THT 1,QD190428,Leticia,Wang
22HSTHT1,THT 1,QD190513,Cindy,Huang
22HSTHT1,THT 1,QD190426,Marjorie,
22HSTHT1,THT 1,QD190230,Susie,Chen
22HSTHT1,THT 1,QD190119,Alex,Wang
22HSTHT1,THT 1,QD190128,Raymond,Cao
22HSTHT1,THT 1,QD190117,Lizzy,Chen
22HSTHT1,THT 1,QD190505,Jerry,Yao
22HSTHT1,THT 1,QD190613,Arestia,Chen
22HSTHT1,THT 1,QD190424,Olivia,Wang
22HSTHT1,THT 1,QD190324,Leo,Gu
22HSTHT1,THT 1,QD190126,Emma,Lu
22HSTHT1,THT 1,QD190316,Liana,Shen
22HSTHT1,THT 1,QD190207,Alanzo,Jiang
22HSTHT1,THT 1,QD190318,Lily,Fan
