CourseId,Course Name,Student ID,First Name,Last Name
22HSCHM2,CHM 2,QD190225,Emily,Dai
22HSCHM2,CHM 2,QD190109,Clara,Zhang
22HSCHM2,CHM 2,QD190220,Jack,Chen
22HSCHM2,CHM 2,QD190627,Bella,Zhang
22HSCHM2,CHM 2,QD190129,Ashley,Zhang
22HSCHM2,CHM 2,QD190219,Judy,Deng
22HSCHM2,CHM 2,QD190310,Selina,Xue
22HSCHM2,CHM 2,QD190303,Jacky,Fu
22HSCHM2,CHM 2,QD190614,Julie,Gu
22HSCHM2,CHM 2,QD190226,Hermosa,Huang
22HSCHM2,CHM 2,QD190128,Raymond,Cao
22HSCHM2,CHM 2,QD190202,Henry,Dong
22HSCHM2,CHM 2,QD190416,Emily,Xia
22HSCHM2,CHM 2,QD190427,Emily,Wang
22HSCHM2,CHM 2,QD190604,Max,Xiao
22HSCHM2,CHM 2,QD190122,Sarah,Chen
22HSCHM2,CHM 2,QD190501,Richard,Li
22HSCHM2,CHM 2,QD190523,Hans,Zhang
22HSCHM2,CHM 2,QD190233,Watson,Liang
22HSCHM2,CHM 2,QD190320,Peter,Xu
22HSCHM2,CHM 2,QD190210,Ivan,Chen
22HSCHM2,CHM 2,QD190527,Stephanie,Chen
