CourseId,Course Name,Student ID,First Name,Last Name
22HSAENG4,A ENG 4,QD190616,Cynthia,Zhou
22HSAENG4,A ENG 4,QD180128,Ada,Tantai
22HSAENG4,A ENG 4,QD190311,Max,Li
22HSAENG4,A ENG 4,QD190430,Elsie,Peng
22HSAENG4,A ENG 4,QD190423,Louis,Lv
22HSAENG4,A ENG 4,QD190121,Jerry,Zhu
22HSAENG4,A ENG 4,QD190623,Nancy,Yu
22HSAENG4,A ENG 4,QD190626,Christina,Zhang
22HSAENG4,A ENG 4,QD190202,Henry,Dong
22HSAENG4,A ENG 4,QD190602,Jimmy,Zhao
22HSAENG4,A ENG 4,QD190632,Eric,Wu
22HSAENG4,A ENG 4,QD190417,Janet,Li
22HSAENG4,A ENG 4,QD190419,Ella,Kuai
22HSAENG4,A ENG 4,QD190610,Nico,Jiang
