CourseId,Course Name,Student ID,First Name,Last Name
22HSDT1,DT 1,QD190401,Gordon,Guo
22HSDT1,DT 1,QD190409,Christo,Shen
22HSDT1,DT 1,QD190319,Rachel,Chen
22HSDT1,DT 1,QD190129,Ashley,Zhang
22HSDT1,DT 1,QD190308,Angus,Qiu
22HSDT1,DT 1,QD190607,Ricky,Zheng
22HSDT1,DT 1,QD190529,Linda,Pan
22HSDT1,DT 1,QD190101,Robin,Fu
22HSDT1,DT 1,QD190425,Skye,Li
22HSDT1,DT 1,QD190333,Eric,Zhao
22HSDT1,DT 1,QD190420,Gigi,Zhang
22HSDT1,DT 1,QD190511,Tori,Xu
22HSDT1,DT 1,QD180601,James,Fu
22HSDT1,DT 1,QD190234,Leo,Zeng
22HSDT1,DT 1,QD190621,James,Zhang
22HSDT1,DT 1,QD190103,James,Song
22HSDT1,DT 1,QD190404,Tony,Liu
22HSDT1,DT 1,QD190631,Anna,jiang
