CourseId,Course Name,Student ID,First Name,Last Name
22HSAENG12,A ENG 12,QD190401,Gordon,Guo
22HSAENG12,A ENG 12,QD190409,Christo,Shen
22HSAENG12,A ENG 12,QD190319,Rachel,Chen
22HSAENG12,A ENG 12,QD190129,Ashley,Zhang
22HSAENG12,A ENG 12,QD190308,Angus,Qiu
22HSAENG12,A ENG 12,QD190607,Ricky,Zheng
22HSAENG12,A ENG 12,QD190529,Linda,Pan
22HSAENG12,A ENG 12,QD190101,Robin,Fu
22HSAENG12,A ENG 12,QD190425,Skye,Li
22HSAENG12,A ENG 12,QD190333,Eric,Zhao
22HSAENG12,A ENG 12,QD190420,Gigi,Zhang
22HSAENG12,A ENG 12,QD190511,Tori,Xu
22HSAENG12,A ENG 12,QD180601,James,Fu
22HSAENG12,A ENG 12,QD190234,Leo,Zeng
22HSAENG12,A ENG 12,QD190621,James,Zhang
22HSAENG12,A ENG 12,QD190103,James,Song
22HSAENG12,A ENG 12,QD190404,Tony,Liu
22HSAENG12,A ENG 12,QD190631,Anna,jiang
