CourseId,Course Name,Student ID,First Name,Last Name
22HSECO4,ECO 4,QD190223,Charlie,Peng
22HSECO4,ECO 4,QD190314,Jessie,Zhao
22HSECO4,ECO 4,QD190327,Chloe,Liu
22HSECO4,ECO 4,QD190426,Marjorie,
22HSECO4,ECO 4,QD180128,Ada,Tantai
22HSECO4,ECO 4,QD190628,Iris,Ding
22HSECO4,ECO 4,QD190526,Nancy,Chen
22HSECO4,ECO 4,QD190624,Nancy,Luo
22HSECO4,ECO 4,QD190328,Carina,Lv
22HSECO4,ECO 4,QD190121,Jerry,Zhu
22HSECO4,ECO 4,QD190114,Cindy,Cao
22HSECO4,ECO 4,QD190119,Alex,Wang
22HSECO4,ECO 4,QD190128,Raymond,Cao
22HSECO4,ECO 4,QD190118,Lora,Luo
22HSECO4,ECO 4,QD190117,Lizzy,Chen
22HSECO4,ECO 4,QD190505,Jerry,Yao
22HSECO4,ECO 4,QD190305,Eddy,Liu
22HSECO4,ECO 4,QD190405,Owen,Wang
22HSECO4,ECO 4,QD190521,Jackey,Deng
22HSECO4,ECO 4,QD190330,Ariel,Duan
22HSECO4,ECO 4,QD190419,Ella,Kuai
22HSECO4,ECO 4,QD190233,Watson,Liang
22HSECO4,ECO 4,QD190519,Emma,Wang
22HSECO4,ECO 4,QD190320,Peter,Xu
22HSECO4,ECO 4,QD190235,Yolanda,Li
22HSECO4,ECO 4,QD190610,Nico,Jiang
22HSECO4,ECO 4,QD190113,Rain,Wu
