CourseId,Course Name,Student ID,First Name,Last Name
22HSBIO3,BIO 3,QD190223,Charlie,Peng
22HSBIO3,BIO 3,QD190314,Jessie,Zhao
22HSBIO3,BIO 3,QD190205,Bronnie,He
22HSBIO3,BIO 3,QD190426,Marjorie,
22HSBIO3,BIO 3,QD190628,Iris,Ding
22HSBIO3,BIO 3,QD190230,Susie,Chen
22HSBIO3,BIO 3,QD190423,Louis,Lv
22HSBIO3,BIO 3,QD190121,Jerry,Zhu
22HSBIO3,BIO 3,QD190411,Sonia,Zhang
22HSBIO3,BIO 3,QD190119,Alex,Wang
22HSBIO3,BIO 3,QD190101,Robin,Fu
22HSBIO3,BIO 3,QD190118,Lora,Luo
22HSBIO3,BIO 3,QD190434,Taimei,Wang
22HSBIO3,BIO 3,QD190424,Olivia,Wang
22HSBIO3,BIO 3,QD190420,Gigi,Zhang
22HSBIO3,BIO 3,QD190229,Julia,Hu
22HSBIO3,BIO 3,QD190630,Bill,Zhang
22HSBIO3,BIO 3,QD190412,Raina,Tang
22HSBIO3,BIO 3,QD190112,Clara,Wu
22HSBIO3,BIO 3,QD190313,Iris,Li
22HSBIO3,BIO 3,QD190403,Leon,Zhang
22HSBIO3,BIO 3,QD190631,Anna,jiang
