CourseId,Course Name,Student ID,First Name,Last Name
22HSHIS5,HIS 5,QD190314,Jessie,Zhao
22HSHIS5,HIS 5,QD190205,Bronnie,He
22HSHIS5,HIS 5,QD190428,Leticia,Wang
22HSHIS5,HIS 5,QD190622,Johnson,An
22HSHIS5,HIS 5,QD190129,Ashley,Zhang
22HSHIS5,HIS 5,QD190219,Judy,Deng
22HSHIS5,HIS 5,QD190607,Ricky,Zheng
22HSHIS5,HIS 5,QD190114,Cindy,Cao
22HSHIS5,HIS 5,QD190119,Alex,Wang
22HSHIS5,HIS 5,QD190614,Julie,Gu
22HSHIS5,HIS 5,QD190629,Judy,Zhou
22HSHIS5,HIS 5,QD190425,Skye,Li
22HSHIS5,HIS 5,QD190202,Henry,Dong
22HSHIS5,HIS 5,QD190518,Mela,Shen
22HSHIS5,HIS 5,QD190227,Cindy,Chen
22HSHIS5,HIS 5,QD190420,Gigi,Zhang
22HSHIS5,HIS 5,QD190521,Jackey,Deng
22HSHIS5,HIS 5,QD190103,James,Song
22HSHIS5,HIS 5,QD190402,Justin,Tang
22HSHIS5,HIS 5,QD190112,Clara,Wu
22HSHIS5,HIS 5,QD190120,Henry,Luo
22HSHIS5,HIS 5,QD190406,John,Wu
22HSHIS5,HIS 5,QD190212,Chloe,Cheng
