CourseId,Course Name,Student ID,First Name,Last Name
22HSMTH3,MTH 3,QD190223,Charlie,Peng
22HSMTH3,MTH 3,QD190327,Chloe,Liu
22HSMTH3,MTH 3,QD190617,Evangeline,Wang
22HSMTH3,MTH 3,QD190211,Megan,Chen
22HSMTH3,MTH 3,QD180128,Ada,Tantai
22HSMTH3,MTH 3,QD190319,Rachel,Chen
22HSMTH3,MTH 3,QD190526,Nancy,Chen
22HSMTH3,MTH 3,QD190605,Bruce,Zhang
22HSMTH3,MTH 3,QD190328,Carina,Lv
22HSMTH3,MTH 3,QD190106,Kevin,Bao
22HSMTH3,MTH 3,QD190121,Jerry,Zhu
22HSMTH3,MTH 3,QD190411,Sonia,Zhang
22HSMTH3,MTH 3,QD190623,Nancy,Yu
22HSMTH3,MTH 3,QD190118,Lora,Luo
22HSMTH3,MTH 3,QD190620,Kyrie,Li
22HSMTH3,MTH 3,QD190416,Emily,Xia
22HSMTH3,MTH 3,QD190333,Eric,Zhao
22HSMTH3,MTH 3,QD190305,Eddy,Liu
22HSMTH3,MTH 3,QD190504,Tony,Zhu
22HSMTH3,MTH 3,QD190530,Shirley,Wu
22HSMTH3,MTH 3,QD190214,Kiki,Lian
22HSMTH3,MTH 3,QD190533,Christine,Zhou
22HSMTH3,MTH 3,QD190432,Amy,Zhang
22HSMTH3,MTH 3,QD190429,Riley,Weng
22HSMTH3,MTH 3,QD190204,Lucien,
22HSMTH3,MTH 3,QD190113,Rain,Wu
