Batch,CourseId,Course Code,Course Name,Type,Block,Session,Size
22HSECO1,G10,ECO 1,Economics,null,C,P5,27,
22HSECO2,G10,ECO 2,Economics,null,C,P6,27,
22HSECO3,G10,ECO 3,Economics,null,D,P2,26,
22HSECO4,G10,ECO 4,Economics,null,F,P5,27,
22HSECO5,G10,ECO 5,Economics,null,B,P1,17,
22HSECO6,G10,ECO 6,Economics,null,B,P2,18,
22HSGEO1,G10,GEO 1,Geography,null,E,P5,22,
22HSGEO2,G10,GEO 2,Geography,null,E,P6,22,
22HSGEO3,G10,GEO 3,Geography,null,A,P3,23,
22HSGEO4,G10,GEO 4,Geography,null,A,P4,24,
22HSGEO5,G10,GEO 5,Geography,null,B,P5,29,
22HSGEO6,G10,GEO 6,Geography,null,B,P6,29,
22HSGEO7,G10,GEO 7,Geography,null,C,P8,23,
22HSGEO8,G10,GEO 8,Geography,null,C,P7,23,
22HSMTH2,G10,MTH LOW 2,Mathematics Low,null,F,P8,26,
22HSMTH8,G10,MTH LOW 8,Mathematics Low,null,D,P8,26,
22HSFILM,G10,FILM,Film,null,A,P6,17,
22HSART1,G10,ART 1,Visual Art,null,A,P5,15,
22HSART2,G10,ART 2,Visual Art,null,C,P4,14,
22HSART3,G10,ART 3,Visual Art,null,C,P3,14,
22HSART4,G10,ART 4,Visual Art,null,D,P3,14,
22HSART5,G10,ART 5,Visual Art,null,F,P3,15,
22HSPSY,G10,PSY,Psychology,null,E,P2,27,
22HSBIO1,G10,BIO 1,Biology,null,D,P6,22,
22HSBIO2,G10,BIO 2,Biology,null,B,P4,23,
22HSBIO3,G10,BIO 3,Biology,null,E,P5,22,
22HSBIO4,G10,BIO 4,Biology,null,F,P7,21,
22HSHIS1,G10,HIS/POL 1,HIS/POL,null,B,P3,31,
22HSHIS2,G10,HIS/POL 2,HIS/POL,null,B,P4,31,
22HSHIS3,G10,HIS/POL 3,HIS/POL,null,D,P6,22,
22HSHIS4,G10,HIS/POL 4,HIS/POL,null,D,P7,23,
22HSHIS5,G10,HIS/POL 5,HIS/POL,null,E,P8,23,
22HSHIS6,G10,HIS/POL 6,HIS/POL,null,E,P7,23,
22HSHIS7,G10,HIS/POL 7,HIS/POL,null,F,P6,21,
22HSHIS8,G10,HIS/POL 8,HIS/POL,null,F,P7,21,
22HSMTH1,G10,MTH 1,Mathematics,null,F,P8,26,
22HSMTH3,G10,MTH 3,Mathematics,null,A,P8,26,
22HSMTH4,G10,MTH 4,Mathematics,null,A,P8,26,
22HSMTH5,G10,MTH 5,Mathematics,null,B,P8,20,
22HSMTH6,G10,MTH 6,Mathematics,null,B,P8,20,
22HSMTH7,G10,MTH 7,Mathematics,null,D,P8,25,
22HSPHY1,G10,PHY 1,Physics,null,A,P4,22,
22HSPHY2,G10,PHY 2,Physics,null,C,P8,24,
22HSPHY3,G10,PHY 3,Physics,null,D,P7,23,
22HSPHY4,G10,PHY 4,Physics,null,E,P7,24,
22HSPHY5,G10,PHY 5,Physics,null,B,P4,23,
22HSENG1,G10,ENG 1,English,null,A,P1,23,
22HSENG2,G10,ENG 2,English,null,A,P2,24,
22HSENG3,G10,ENG 3,English,null,E,P3,26,
22HSENG4,G10,ENG 4,English,null,E,P4,26,
22HSENG5,G10,ENG 5,English,null,C,P1,25,
22HSENG6,G10,ENG 6,English,null,C,P2,24,
22HSENG7,G10,ENG 7,English,null,F,P1,23,
22HSENG8,G10,ENG 8,English,null,D,P1,24,
22HSCHM1,G10,CHM 1,Chemistry,null,C,P7,22,
22HSCHM2,G10,CHM 2,Chemistry,null,E,P8,22,
22HSCHM3,G10,CHM 3,Chemistry,null,E,P6,22,
22HSCHM4,G10,CHM 4,Chemistry,null,F,P6,21,
22HSCHM5,G10,CHM 5,Chemistry,null,B,P5,21,
22HSESS,G10,EM,Environment Management,null,B,P6,27,
22HSSS,G10,SS,Social Studies,null,E,P1,26,
22HSPE1,G10,PE 1,PE,null,F,P8,52,
22HSPE2,G10,PE 2,PE,null,A,P8,52,
22HSPE3,G10,PE 3,PE,null,B,P8,40,
22HSPE4,G10,PE 4,PE,null,D,P8,51,
22HSMUS1,G10,MUS 1,Music,null,C,P4,18,
22HSMUS2,G10,MUS 2,Music,null,D,P4,18,
22HSCMS1,G10,CMS 1,Computer Science,null,A,P3,25,
22HSCMS2,G10,CMS 2,Computer Science,null,B,P3,26,
22HSTHT1,G10,THT 1,Theatre,null,A,P7,17,
22HSTHT2,G10,THT 2,Theatre,null,F,P2,18,
22HSAENG1,G10,A ENG 1,Academic English,null,A,P5,15,
22HSAENG10,G10,A ENG 10,Academic English,null,F,P2,18,
22HSAENG11,G10,A ENG 11,Academic English,null,F,P3,15,
22HSAENG12,G10,A ENG 12,Academic English,null,F,P4,18,
22HSAENG2,G10,A ENG 2,Academic English,null,A,P6,17,
22HSAENG3,G10,A ENG 3,Academic English,null,A,P7,17,
22HSAENG4,G10,A ENG 4,Academic English,null,C,P3,14,
22HSAENG5,G10,A ENG 5,Academic English,null,C,P4,18,
22HSAENG6,G10,A ENG 6,Academic English,null,C,P4,14,
22HSAENG7,G10,A ENG 7,Academic English,null,D,P3,14,
22HSAENG8,G10,A ENG 8,Academic English,null,D,P4,18,
22HSAENG9,G10,A ENG 9,Academic English,null,D,P5,17,
22HSCHN1,G10,CHN 1,Chinese,null,C,P5,27,
22HSCHN2,G10,CHN 2,Chinese,null,C,P6,27,
22HSCHN3,G10,CHN 3,Chinese,null,D,P2,26,
22HSCHN4,G10,CHN 4,Chinese,null,F,P5,27,
22HSCHN5,G10,CHN 5,Chinese,null,B,P1,17,
22HSCHN6,G10,CHN 6,Chinese,null,B,P2,18,
22HSCHN7,G10,CHN 7,Chinese,null,E,P1,26,
22HSCHN8,G10,CHN 8,Chinese,null,E,P2,27,
22HSDT1,G10,DT 1,Design Technology,null,F,P4,18,
22HSDT2,G10,DT 2,Design Technology,null,D,P5,17,
