Student ID, course ID
QD190102,22HSCMS1
QD190102,22HSGEO3
QD190102,22HSECO6
QD190102,22HSCHN6
QD190102,22HSCHM3
QD190102,22HSHIS6
QD190102,22HSMUS1
QD190102,22HSAENG5
QD190102,22HSMTH7
QD190102,22HSPE4
QD190102,22HSENG7
QD190223,22HSMTH3
QD190223,22HSPE2
QD190223,22HSCHM5
QD190223,22HSHIS2
QD190223,22HSBIO3
QD190223,22HSGEO1
QD190223,22HSART4
QD190223,22HSAENG7
QD190223,22HSENG6
QD190223,22HSECO4
QD190223,22HSCHN4
QD190608,22HSTHT1
QD190608,22HSAENG3
QD190608,22HSBIO2
QD190608,22HSGEO6
QD190608,22HSPSY
QD190608,22HSCHN8
QD190608,22HSPHY3
QD190608,22HSHIS4
QD190608,22HSENG5
QD190608,22HSMTH1
QD190608,22HSPE1
QD190108,22HSFILM
QD190108,22HSAENG2
QD190108,22HSCMS2
QD190108,22HSGEO5
QD190108,22HSENG3
QD190108,22HSMTH7
QD190108,22HSPE4
QD190108,22HSECO1
QD190108,22HSCHN1
QD190108,22HSCHM4
QD190108,22HSHIS7
QD190225,22HSMTH4
QD190225,22HSPE2
QD190225,22HSECO5
QD190225,22HSCHN5
QD190225,22HSCHM2
QD190225,22HSGEO2
QD190225,22HSBIO1
QD190225,22HSHIS3
QD190225,22HSENG6
QD190225,22HSART5
QD190225,22HSAENG11
QD190619,22HSMTH4
QD190619,22HSPE2
QD190619,22HSCMS2
QD190619,22HSHIS1
QD190619,22HSPHY4
QD190619,22HSGEO2
QD190619,22HSDT2
QD190619,22HSAENG9
QD190619,22HSECO2
QD190619,22HSCHN2
QD190619,22HSENG7
QD190314,22HSENG1
QD190314,22HSESS
QD190314,22HSGEO6
QD190314,22HSBIO3
QD190314,22HSHIS5
QD190314,22HSMTH8
QD190314,22HSPE4
QD190314,22HSMUS1
QD190314,22HSAENG5
QD190314,22HSECO4
QD190314,22HSCHN4
QD190327,22HSMTH3
QD190327,22HSPE2
QD190327,22HSESS
QD190327,22HSHIS1
QD190327,22HSENG4
QD190327,22HSMUS2
QD190327,22HSAENG8
QD190327,22HSPHY2
QD190327,22HSGEO7
QD190327,22HSECO4
QD190327,22HSCHN4
QD190617,22HSMTH3
QD190617,22HSPE2
QD190617,22HSBIO2
QD190617,22HSGEO5
QD190617,22HSENG4
QD190617,22HSPHY3
QD190617,22HSHIS3
QD190617,22HSECO2
QD190617,22HSCHN2
QD190617,22HSTHT2
QD190617,22HSAENG10
QD190616,22HSMTH4
QD190616,22HSPE2
QD190616,22HSPHY5
QD190616,22HSGEO5
QD190616,22HSENG3
QD190616,22HSART3
QD190616,22HSAENG4
QD190616,22HSECO3
QD190616,22HSCHN3
QD190616,22HSBIO4
QD190616,22HSHIS8
QD190109,22HSTHT1
QD190109,22HSAENG3
QD190109,22HSECO5
QD190109,22HSCHN5
QD190109,22HSCHM2
QD190109,22HSGEO1
QD190109,22HSBIO1
QD190109,22HSHIS4
QD190109,22HSENG5
QD190109,22HSMTH2
QD190109,22HSPE1
QD190401,22HSPHY1
QD190401,22HSGEO4
QD190401,22HSBIO2
QD190401,22HSHIS2
QD190401,22HSENG3
QD190401,22HSECO1
QD190401,22HSCHN1
QD190401,22HSMTH7
QD190401,22HSPE4
QD190401,22HSDT1
QD190401,22HSAENG12
QD190510,22HSMTH4
QD190510,22HSPE2
QD190510,22HSECO6
QD190510,22HSCHN6
QD190510,22HSENG4
QD190510,22HSMUS2
QD190510,22HSAENG8
QD190510,22HSCHM1
QD190510,22HSGEO8
QD190510,22HSBIO4
QD190510,22HSHIS8
QD190625,22HSENG2
QD190625,22HSPHY5
QD190625,22HSGEO6
QD190625,22HSCHM3
QD190625,22HSHIS6
QD190625,22HSMUS2
QD190625,22HSAENG8
QD190625,22HSECO2
QD190625,22HSCHN2
QD190625,22HSMTH1
QD190625,22HSPE1
QD190205,22HSART1
QD190205,22HSAENG1
QD190205,22HSCHM5
QD190205,22HSGEO6
QD190205,22HSBIO3
QD190205,22HSHIS5
QD190205,22HSECO3
QD190205,22HSCHN3
QD190205,22HSENG6
QD190205,22HSMTH1
QD190205,22HSPE1
QD190130,22HSENG2
QD190130,22HSMTH5
QD190130,22HSPE3
QD190130,22HSPSY
QD190130,22HSCHN8
QD190130,22HSBIO1
QD190130,22HSHIS3
QD190130,22HSPHY2
QD190130,22HSGEO8
QD190130,22HSTHT2
QD190130,22HSAENG10
QD190317,22HSPHY1
QD190317,22HSGEO3
QD190317,22HSMTH6
QD190317,22HSPE3
QD190317,22HSPSY
QD190317,22HSCHN8
QD190317,22HSMUS1
QD190317,22HSAENG5
QD190317,22HSENG8
QD190317,22HSCHM4
QD190317,22HSHIS7
QD190124,22HSCMS1
QD190124,22HSGEO4
QD190124,22HSMTH5
QD190124,22HSPE3
QD190124,22HSPHY4
QD190124,22HSHIS6
QD190124,22HSECO1
QD190124,22HSCHN1
QD190124,22HSENG8
QD190124,22HSTHT2
QD190124,22HSAENG10
QD190409,22HSCMS1
QD190409,22HSGEO3
QD190409,22HSMTH6
QD190409,22HSPE3
QD190409,22HSENG3
QD190409,22HSPHY3
QD190409,22HSHIS4
QD190409,22HSECO2
QD190409,22HSCHN2
QD190409,22HSDT1
QD190409,22HSAENG12
QD190428,22HSTHT1
QD190428,22HSAENG3
QD190428,22HSECO6
QD190428,22HSCHN6
QD190428,22HSCHM3
QD190428,22HSHIS5
QD190428,22HSMTH8
QD190428,22HSPE4
QD190428,22HSPHY2
QD190428,22HSGEO7
QD190428,22HSENG7
QD190513,22HSTHT1
QD190513,22HSAENG3
QD190513,22HSMTH6
QD190513,22HSPE3
QD190513,22HSENG4
QD190513,22HSECO3
QD190513,22HSCHN3
QD190513,22HSCHM1
QD190513,22HSGEO8
QD190513,22HSBIO4
QD190513,22HSHIS8
QD190211,22HSMTH3
QD190211,22HSPE2
QD190211,22HSCMS2
QD190211,22HSGEO5
QD190211,22HSPSY
QD190211,22HSCHN8
QD190211,22HSDT2
QD190211,22HSAENG9
QD190211,22HSENG5
QD190211,22HSBIO4
QD190211,22HSHIS7
QD190525,22HSPHY1
QD190525,22HSGEO4
QD190525,22HSBIO2
QD190525,22HSHIS2
QD190525,22HSPSY
QD190525,22HSCHN8
QD190525,22HSMUS2
QD190525,22HSAENG8
QD190525,22HSENG6
QD190525,22HSMTH2
QD190525,22HSPE1
QD190220,22HSENG1
QD190220,22HSPHY5
QD190220,22HSHIS1
QD190220,22HSCHM2
QD190220,22HSGEO2
QD190220,22HSMUS1
QD190220,22HSAENG5
QD190220,22HSECO3
QD190220,22HSCHN3
QD190220,22HSMTH1
QD190220,22HSPE1
QD190601,22HSENG2
QD190601,22HSBIO2
QD190601,22HSHIS2
QD190601,22HSSS
QD190601,22HSCHN7
QD190601,22HSMTH8
QD190601,22HSPE4
QD190601,22HSCHM1
QD190601,22HSGEO7
QD190601,22HSTHT2
QD190601,22HSAENG10
QD190422,22HSENG1
QD190422,22HSECO5
QD190422,22HSCHN5
QD190422,22HSPHY4
QD190422,22HSGEO1
QD190422,22HSART2
QD190422,22HSAENG6
QD190422,22HSMTH7
QD190422,22HSPE4
QD190422,22HSCHM4
QD190422,22HSHIS8
QD190426,22HSTHT1
QD190426,22HSAENG3
QD190426,22HSESS
QD190426,22HSHIS1
QD190426,22HSBIO3
QD190426,22HSGEO2
QD190426,22HSMTH7
QD190426,22HSPE4
QD190426,22HSENG5
QD190426,22HSECO4
QD190426,22HSCHN4
QD190524,22HSFILM
QD190524,22HSAENG2
QD190524,22HSCMS2
QD190524,22HSGEO5
QD190524,22HSCHM3
QD190524,22HSHIS6
QD190524,22HSENG8
QD190524,22HSECO1
QD190524,22HSCHN1
QD190524,22HSMTH1
QD190524,22HSPE1
QD190622,22HSCMS1
QD190622,22HSGEO4
QD190622,22HSMTH5
QD190622,22HSPE3
QD190622,22HSPHY4
QD190622,22HSHIS5
QD190622,22HSART4
QD190622,22HSAENG7
QD190622,22HSECO1
QD190622,22HSCHN1
QD190622,22HSENG7
QD190520,22HSMTH4
QD190520,22HSPE2
QD190520,22HSECO5
QD190520,22HSCHN5
QD190520,22HSENG3
QD190520,22HSBIO1
QD190520,22HSHIS4
QD190520,22HSCHM1
QD190520,22HSGEO7
QD190520,22HSART5
QD190520,22HSAENG11
QD190627,22HSART1
QD190627,22HSAENG1
QD190627,22HSPHY5
QD190627,22HSHIS1
QD190627,22HSCHM2
QD190627,22HSGEO1
QD190627,22HSECO2
QD190627,22HSCHN2
QD190627,22HSENG8
QD190627,22HSMTH1
QD190627,22HSPE1
QD190209,22HSPHY1
QD190209,22HSGEO3
QD190209,22HSCHM5
QD190209,22HSHIS2
QD190209,22HSENG4
QD190209,22HSDT2
QD190209,22HSAENG9
QD190209,22HSECO1
QD190209,22HSCHN1
QD190209,22HSMTH2
QD190209,22HSPE1
QD190332,22HSFILM
QD190332,22HSAENG2
QD190332,22HSCMS2
QD190332,22HSHIS1
QD190332,22HSENG3
QD190332,22HSECO3
QD190332,22HSCHN3
QD190332,22HSPHY2
QD190332,22HSGEO8
QD190332,22HSMTH2
QD190332,22HSPE1
QD180128,22HSMTH3
QD180128,22HSPE2
QD180128,22HSCHM5
QD180128,22HSGEO6
QD180128,22HSENG4
QD180128,22HSPHY3
QD180128,22HSHIS3
QD180128,22HSART3
QD180128,22HSAENG4
QD180128,22HSECO4
QD180128,22HSCHN4
QD190110,22HSCMS1
QD190110,22HSGEO3
QD190110,22HSMTH5
QD190110,22HSPE3
QD190110,22HSPHY4
QD190110,22HSHIS6
QD190110,22HSECO3
QD190110,22HSCHN3
QD190110,22HSENG6
QD190110,22HSTHT2
QD190110,22HSAENG10
QD190319,22HSMTH3
QD190319,22HSPE2
QD190319,22HSPHY5
QD190319,22HSHIS2
QD190319,22HSCHM3
QD190319,22HSGEO1
QD190319,22HSENG5
QD190319,22HSECO3
QD190319,22HSCHN3
QD190319,22HSDT1
QD190319,22HSAENG12
QD190514,22HSENG2
QD190514,22HSESS
QD190514,22HSGEO5
QD190514,22HSPSY
QD190514,22HSCHN8
QD190514,22HSMTH8
QD190514,22HSPE4
QD190514,22HSMUS1
QD190514,22HSAENG5
QD190514,22HSBIO4
QD190514,22HSHIS7
QD190517,22HSPHY1
QD190517,22HSGEO4
QD190517,22HSECO6
QD190517,22HSCHN6
QD190517,22HSENG4
QD190517,22HSART2
QD190517,22HSAENG6
QD190517,22HSMTH7
QD190517,22HSPE4
QD190517,22HSCHM4
QD190517,22HSHIS8
QD190508,22HSMTH4
QD190508,22HSPE2
QD190508,22HSCHM5
QD190508,22HSGEO6
QD190508,22HSENG3
QD190508,22HSECO2
QD190508,22HSCHN2
QD190508,22HSPHY3
QD190508,22HSHIS4
QD190508,22HSART5
QD190508,22HSAENG11
QD190129,22HSENG1
QD190129,22HSECO5
QD190129,22HSCHN5
QD190129,22HSCHM2
QD190129,22HSHIS5
QD190129,22HSMTH8
QD190129,22HSPE4
QD190129,22HSPHY2
QD190129,22HSGEO7
QD190129,22HSDT1
QD190129,22HSAENG12
QD190628,22HSMTH4
QD190628,22HSPE2
QD190628,22HSPHY5
QD190628,22HSHIS2
QD190628,22HSBIO3
QD190628,22HSGEO2
QD190628,22HSART4
QD190628,22HSAENG7
QD190628,22HSENG6
QD190628,22HSECO4
QD190628,22HSCHN4
QD190615,22HSENG2
QD190615,22HSECO6
QD190615,22HSCHN6
QD190615,22HSPHY4
QD190615,22HSGEO2
QD190615,22HSART2
QD190615,22HSAENG6
QD190615,22HSMTH7
QD190615,22HSPE4
QD190615,22HSCHM4
QD190615,22HSHIS7
QD190612,22HSART1
QD190612,22HSAENG1
QD190612,22HSECO6
QD190612,22HSCHN6
QD190612,22HSENG3
QD190612,22HSBIO1
QD190612,22HSHIS3
QD190612,22HSCHM1
QD190612,22HSGEO8
QD190612,22HSMTH2
QD190612,22HSPE1
QD190526,22HSMTH3
QD190526,22HSPE2
QD190526,22HSCMS2
QD190526,22HSHIS1
QD190526,22HSENG4
QD190526,22HSDT2
QD190526,22HSAENG9
QD190526,22HSPHY2
QD190526,22HSGEO7
QD190526,22HSECO4
QD190526,22HSCHN4
QD190201,22HSPHY1
QD190201,22HSGEO4
QD190201,22HSMTH6
QD190201,22HSPE3
QD190201,22HSENG3
QD190201,22HSMUS2
QD190201,22HSAENG8
QD190201,22HSECO2
QD190201,22HSCHN2
QD190201,22HSCHM4
QD190201,22HSHIS8
QD190329,22HSFILM
QD190329,22HSAENG2
QD190329,22HSESS
QD190329,22HSGEO6
QD190329,22HSENG4
QD190329,22HSPHY3
QD190329,22HSHIS3
QD190329,22HSECO1
QD190329,22HSCHN1
QD190329,22HSMTH2
QD190329,22HSPE1
QD190311,22HSENG1
QD190311,22HSCHM5
QD190311,22HSGEO5
QD190311,22HSSS
QD190311,22HSCHN7
QD190311,22HSMTH7
QD190311,22HSPE4
QD190311,22HSART3
QD190311,22HSAENG4
QD190311,22HSBIO4
QD190311,22HSHIS7
QD190315,22HSCMS1
QD190315,22HSGEO3
QD190315,22HSPHY5
QD190315,22HSHIS1
QD190315,22HSSS
QD190315,22HSCHN7
QD190315,22HSDT2
QD190315,22HSAENG9
QD190315,22HSENG5
QD190315,22HSMTH1
QD190315,22HSPE1
QD190421,22HSFILM
QD190421,22HSAENG2
QD190421,22HSESS
QD190421,22HSHIS2
QD190421,22HSENG3
QD190421,22HSECO3
QD190421,22HSCHN3
QD190421,22HSPHY2
QD190421,22HSGEO8
QD190421,22HSMTH1
QD190421,22HSPE1
QD190308,22HSENG1
QD190308,22HSECO5
QD190308,22HSCHN5
QD190308,22HSPHY4
QD190308,22HSHIS6
QD190308,22HSMTH8
QD190308,22HSPE4
QD190308,22HSCHM1
QD190308,22HSGEO7
QD190308,22HSDT1
QD190308,22HSAENG12
QD190301,22HSPHY1
QD190301,22HSGEO4
QD190301,22HSMTH5
QD190301,22HSPE3
QD190301,22HSPSY
QD190301,22HSCHN8
QD190301,22HSBIO1
QD190301,22HSHIS4
QD190301,22HSART2
QD190301,22HSAENG6
QD190301,22HSENG7
QD190605,22HSMTH3
QD190605,22HSPE2
QD190605,22HSECO5
QD190605,22HSCHN5
QD190605,22HSCHM3
QD190605,22HSGEO1
QD190605,22HSPHY3
QD190605,22HSHIS4
QD190605,22HSENG5
QD190605,22HSART5
QD190605,22HSAENG11
QD190219,22HSFILM
QD190219,22HSAENG2
QD190219,22HSBIO2
QD190219,22HSGEO6
QD190219,22HSCHM2
QD190219,22HSHIS5
QD190219,22HSMTH7
QD190219,22HSPE4
QD190219,22HSECO2
QD190219,22HSCHN2
QD190219,22HSENG7
QD190302,22HSPHY1
QD190302,22HSGEO3
QD190302,22HSESS
QD190302,22HSHIS2
QD190302,22HSPSY
QD190302,22HSCHN8
QD190302,22HSMUS2
QD190302,22HSAENG8
QD190302,22HSENG6
QD190302,22HSMTH1
QD190302,22HSPE1
QD190230,22HSTHT1
QD190230,22HSAENG3
QD190230,22HSESS
QD190230,22HSHIS1
QD190230,22HSBIO3
QD190230,22HSGEO2
QD190230,22HSECO1
QD190230,22HSCHN1
QD190230,22HSENG8
QD190230,22HSMTH1
QD190230,22HSPE1
QD190624,22HSFILM
QD190624,22HSAENG2
QD190624,22HSCMS2
QD190624,22HSHIS1
QD190624,22HSENG4
QD190624,22HSMTH7
QD190624,22HSPE4
QD190624,22HSCHM1
QD190624,22HSGEO8
QD190624,22HSECO4
QD190624,22HSCHN4
QD190321,22HSART1
QD190321,22HSAENG1
QD190321,22HSPHY5
QD190321,22HSGEO5
QD190321,22HSPSY
QD190321,22HSCHN8
QD190321,22HSMTH8
QD190321,22HSPE4
QD190321,22HSENG6
QD190321,22HSBIO4
QD190321,22HSHIS7
QD190203,22HSENG2
QD190203,22HSCHM5
QD190203,22HSGEO6
QD190203,22HSSS
QD190203,22HSCHN7
QD190203,22HSMUS1
QD190203,22HSAENG5
QD190203,22HSBIO1
QD190203,22HSHIS3
QD190203,22HSMTH1
QD190203,22HSPE1
QD190430,22HSENG1
QD190430,22HSESS
QD190430,22HSGEO5
QD190430,22HSSS
QD190430,22HSCHN7
QD190430,22HSMTH8
QD190430,22HSPE4
QD190430,22HSART3
QD190430,22HSAENG4
QD190430,22HSBIO4
QD190430,22HSHIS8
QD190531,22HSENG2
QD190531,22HSMTH6
QD190531,22HSPE3
QD190531,22HSPHY4
QD190531,22HSGEO1
QD190531,22HSART4
QD190531,22HSAENG7
QD190531,22HSECO2
QD190531,22HSCHN2
QD190531,22HSCHM4
QD190531,22HSHIS8
QD190215,22HSMTH4
QD190215,22HSPE2
QD190215,22HSESS
QD190215,22HSHIS2
QD190215,22HSPSY
QD190215,22HSCHN8
QD190215,22HSPHY2
QD190215,22HSGEO7
QD190215,22HSENG8
QD190215,22HSART5
QD190215,22HSAENG11
QD190423,22HSENG2
QD190423,22HSECO6
QD190423,22HSCHN6
QD190423,22HSBIO3
QD190423,22HSGEO1
QD190423,22HSPHY3
QD190423,22HSHIS4
QD190423,22HSART3
QD190423,22HSAENG4
QD190423,22HSMTH2
QD190423,22HSPE1
QD190433,22HSCMS1
QD190433,22HSGEO4
QD190433,22HSPHY5
QD190433,22HSHIS1
QD190433,22HSENG4
QD190433,22HSDT2
QD190433,22HSAENG9
QD190433,22HSECO1
QD190433,22HSCHN1
QD190433,22HSMTH1
QD190433,22HSPE1
QD190607,22HSPHY1
QD190607,22HSGEO3
QD190607,22HSMTH5
QD190607,22HSPE3
QD190607,22HSCHM3
QD190607,22HSHIS5
QD190607,22HSENG8
QD190607,22HSECO1
QD190607,22HSCHN1
QD190607,22HSDT1
QD190607,22HSAENG12
QD190309,22HSENG1
QD190309,22HSMTH6
QD190309,22HSPE3
QD190309,22HSPSY
QD190309,22HSCHN8
QD190309,22HSDT2
QD190309,22HSAENG9
QD190309,22HSPHY2
QD190309,22HSGEO8
QD190309,22HSCHM4
QD190309,22HSHIS7
QD190328,22HSMTH3
QD190328,22HSPE2
QD190328,22HSESS
QD190328,22HSGEO6
QD190328,22HSENG3
QD190328,22HSMUS1
QD190328,22HSAENG5
QD190328,22HSBIO1
QD190328,22HSHIS3
QD190328,22HSECO4
QD190328,22HSCHN4
QD190125,22HSMTH4
QD190125,22HSPE2
QD190125,22HSESS
QD190125,22HSGEO5
QD190125,22HSSS
QD190125,22HSCHN7
QD190125,22HSMUS2
QD190125,22HSAENG8
QD190125,22HSENG5
QD190125,22HSBIO4
QD190125,22HSHIS7
QD190310,22HSCMS1
QD190310,22HSGEO4
QD190310,22HSMTH5
QD190310,22HSPE3
QD190310,22HSCHM2
QD190310,22HSHIS6
QD190310,22HSECO3
QD190310,22HSCHN3
QD190310,22HSENG5
QD190310,22HSTHT2
QD190310,22HSAENG10
QD190106,22HSMTH3
QD190106,22HSPE2
QD190106,22HSESS
QD190106,22HSGEO5
QD190106,22HSPSY
QD190106,22HSCHN8
QD190106,22HSMUS1
QD190106,22HSAENG5
QD190106,22HSBIO1
QD190106,22HSHIS3
QD190106,22HSENG7
QD190222,22HSENG2
QD190222,22HSBIO2
QD190222,22HSHIS2
QD190222,22HSSS
QD190222,22HSCHN7
QD190222,22HSCHM1
QD190222,22HSGEO7
QD190222,22HSART4
QD190222,22HSAENG7
QD190222,22HSMTH2
QD190222,22HSPE1
QD190522,22HSMTH4
QD190522,22HSPE2
QD190522,22HSCMS2
QD190522,22HSGEO6
QD190522,22HSSS
QD190522,22HSCHN7
QD190522,22HSPHY3
QD190522,22HSHIS4
QD190522,22HSART2
QD190522,22HSAENG6
QD190522,22HSENG7
QD190303,22HSMTH4
QD190303,22HSPE2
QD190303,22HSCMS2
QD190303,22HSGEO6
QD190303,22HSCHM2
QD190303,22HSHIS6
QD190303,22HSMUS2
QD190303,22HSAENG8
QD190303,22HSECO2
QD190303,22HSCHN2
QD190303,22HSENG7
QD190121,22HSMTH3
QD190121,22HSPE2
QD190121,22HSPHY5
QD190121,22HSHIS2
QD190121,22HSBIO3
QD190121,22HSGEO2
QD190121,22HSENG8
QD190121,22HSART3
QD190121,22HSAENG4
QD190121,22HSECO4
QD190121,22HSCHN4
QD190216,22HSART1
QD190216,22HSAENG1
QD190216,22HSMTH6
QD190216,22HSPE3
QD190216,22HSPHY4
QD190216,22HSGEO1
QD190216,22HSECO3
QD190216,22HSCHN3
QD190216,22HSENG6
QD190216,22HSCHM4
QD190216,22HSHIS8
QD190114,22HSENG1
QD190114,22HSBIO2
QD190114,22HSGEO5
QD190114,22HSCHM3
QD190114,22HSHIS5
QD190114,22HSMTH7
QD190114,22HSPE4
QD190114,22HSART2
QD190114,22HSAENG6
QD190114,22HSECO4
QD190114,22HSCHN4
QD190411,22HSMTH3
QD190411,22HSPE2
QD190411,22HSCHM5
QD190411,22HSHIS1
QD190411,22HSBIO3
QD190411,22HSGEO2
QD190411,22HSECO3
QD190411,22HSCHN3
QD190411,22HSENG5
QD190411,22HSART5
QD190411,22HSAENG11
QD190123,22HSCMS1
QD190123,22HSGEO3
QD190123,22HSMTH6
QD190123,22HSPE3
QD190123,22HSENG4
QD190123,22HSPHY3
QD190123,22HSHIS4
QD190123,22HSECO2
QD190123,22HSCHN2
QD190123,22HSART5
QD190123,22HSAENG11
QD190529,22HSMTH4
QD190529,22HSPE2
QD190529,22HSCHM5
QD190529,22HSGEO5
QD190529,22HSPHY4
QD190529,22HSHIS6
QD190529,22HSECO1
QD190529,22HSCHN1
QD190529,22HSENG8
QD190529,22HSDT1
QD190529,22HSAENG12
QD190119,22HSTHT1
QD190119,22HSAENG3
QD190119,22HSCMS2
QD190119,22HSGEO6
QD190119,22HSBIO3
QD190119,22HSHIS5
QD190119,22HSMTH7
QD190119,22HSPE4
QD190119,22HSENG6
QD190119,22HSECO4
QD190119,22HSCHN4
QD190410,22HSPHY1
QD190410,22HSGEO3
QD190410,22HSMTH5
QD190410,22HSPE3
QD190410,22HSCHM3
QD190410,22HSHIS6
QD190410,22HSART4
QD190410,22HSAENG7
QD190410,22HSECO2
QD190410,22HSCHN2
QD190410,22HSENG7
QD190218,22HSENG1
QD190218,22HSBIO2
QD190218,22HSHIS2
QD190218,22HSPHY4
QD190218,22HSGEO2
QD190218,22HSECO1
QD190218,22HSCHN1
QD190218,22HSMTH7
QD190218,22HSPE4
QD190218,22HSTHT2
QD190218,22HSAENG10
QD190104,22HSART1
QD190104,22HSAENG1
QD190104,22HSECO5
QD190104,22HSCHN5
QD190104,22HSENG3
QD190104,22HSCHM1
QD190104,22HSGEO8
QD190104,22HSPHY3
QD190104,22HSHIS3
QD190104,22HSMTH2
QD190104,22HSPE1
QD190111,22HSMTH4
QD190111,22HSPE2
QD190111,22HSCHM5
QD190111,22HSGEO5
QD190111,22HSPSY
QD190111,22HSCHN8
QD190111,22HSDT2
QD190111,22HSAENG9
QD190111,22HSENG5
QD190111,22HSBIO4
QD190111,22HSHIS7
QD190614,22HSFILM
QD190614,22HSAENG2
QD190614,22HSMTH5
QD190614,22HSPE3
QD190614,22HSCHM2
QD190614,22HSHIS5
QD190614,22HSPHY2
QD190614,22HSGEO8
QD190614,22HSECO3
QD190614,22HSCHN3
QD190614,22HSENG7
QD190512,22HSART1
QD190512,22HSAENG1
QD190512,22HSMTH6
QD190512,22HSPE3
QD190512,22HSSS
QD190512,22HSCHN7
QD190512,22HSBIO1
QD190512,22HSHIS3
QD190512,22HSCHM1
QD190512,22HSGEO7
QD190512,22HSENG7
QD190623,22HSMTH3
QD190623,22HSPE2
QD190623,22HSESS
QD190623,22HSGEO6
QD190623,22HSSS
QD190623,22HSCHN7
QD190623,22HSENG8
QD190623,22HSART3
QD190623,22HSAENG4
QD190623,22HSCHM4
QD190623,22HSHIS8
QD190603,22HSFILM
QD190603,22HSAENG2
QD190603,22HSCMS2
QD190603,22HSHIS1
QD190603,22HSENG3
QD190603,22HSPHY2
QD190603,22HSGEO7
QD190603,22HSECO3
QD190603,22HSCHN3
QD190603,22HSMTH1
QD190603,22HSPE1
QD190226,22HSFILM
QD190226,22HSAENG2
QD190226,22HSMTH5
QD190226,22HSPE3
QD190226,22HSCHM2
QD190226,22HSGEO1
QD190226,22HSECO2
QD190226,22HSCHN2
QD190226,22HSENG8
QD190226,22HSBIO4
QD190226,22HSHIS7
QD190415,22HSENG2
QD190415,22HSBIO2
QD190415,22HSHIS2
QD190415,22HSCHM3
QD190415,22HSGEO2
QD190415,22HSMUS2
QD190415,22HSAENG8
QD190415,22HSECO1
QD190415,22HSCHN1
QD190415,22HSMTH1
QD190415,22HSPE1
QD190224,22HSART1
QD190224,22HSAENG1
QD190224,22HSPHY5
QD190224,22HSHIS1
QD190224,22HSSS
QD190224,22HSCHN7
QD190224,22HSMTH8
QD190224,22HSPE4
QD190224,22HSCHM1
QD190224,22HSGEO8
QD190224,22HSENG7
QD190101,22HSPHY1
QD190101,22HSGEO4
QD190101,22HSECO6
QD190101,22HSCHN6
QD190101,22HSBIO3
QD190101,22HSHIS6
QD190101,22HSENG6
QD190101,22HSMTH7
QD190101,22HSPE4
QD190101,22HSDT1
QD190101,22HSAENG12
QD190629,22HSFILM
QD190629,22HSAENG2
QD190629,22HSCMS2
QD190629,22HSGEO5
QD190629,22HSPHY4
QD190629,22HSHIS5
QD190629,22HSECO1
QD190629,22HSCHN1
QD190629,22HSENG8
QD190629,22HSMTH1
QD190629,22HSPE1
QD190128,22HSTHT1
QD190128,22HSAENG3
QD190128,22HSESS
QD190128,22HSHIS2
QD190128,22HSCHM2
QD190128,22HSGEO1
QD190128,22HSMTH8
QD190128,22HSPE4
QD190128,22HSENG6
QD190128,22HSECO4
QD190128,22HSCHN4
QD190611,22HSPHY1
QD190611,22HSGEO3
QD190611,22HSMTH6
QD190611,22HSPE3
QD190611,22HSSS
QD190611,22HSCHN7
QD190611,22HSBIO1
QD190611,22HSHIS4
QD190611,22HSART2
QD190611,22HSAENG6
QD190611,22HSENG7
QD190306,22HSENG2
QD190306,22HSECO6
QD190306,22HSCHN6
QD190306,22HSCHM3
QD190306,22HSHIS6
QD190306,22HSART4
QD190306,22HSAENG7
QD190306,22HSPHY2
QD190306,22HSGEO8
QD190306,22HSMTH1
QD190306,22HSPE1
QD190431,22HSENG1
QD190431,22HSBIO2
QD190431,22HSGEO6
QD190431,22HSPSY
QD190431,22HSCHN8
QD190431,22HSMUS1
QD190431,22HSAENG5
QD190431,22HSPHY3
QD190431,22HSHIS4
QD190431,22HSMTH2
QD190431,22HSPE1
QD190515,22HSMTH4
QD190515,22HSPE2
QD190515,22HSBIO2
QD190515,22HSGEO5
QD190515,22HSENG4
QD190515,22HSECO2
QD190515,22HSCHN2
QD190515,22HSPHY3
QD190515,22HSHIS3
QD190515,22HSTHT2
QD190515,22HSAENG10
QD190118,22HSMTH3
QD190118,22HSPE2
QD190118,22HSPHY5
QD190118,22HSHIS1
QD190118,22HSBIO3
QD190118,22HSGEO2
QD190118,22HSMUS2
QD190118,22HSAENG8
QD190118,22HSENG5
QD190118,22HSECO4
QD190118,22HSCHN4
QD190208,22HSMTH4
QD190208,22HSPE2
QD190208,22HSESS
QD190208,22HSGEO6
QD190208,22HSPSY
QD190208,22HSCHN8
QD190208,22HSENG5
QD190208,22HSART4
QD190208,22HSAENG7
QD190208,22HSBIO4
QD190208,22HSHIS8
QD180632,22HSENG1
QD180632,22HSMTH5
QD180632,22HSPE3
QD180632,22HSCHM3
QD180632,22HSGEO1
QD180632,22HSBIO1
QD180632,22HSHIS4
QD180632,22HSECO1
QD180632,22HSCHN1
QD180632,22HSTHT2
QD180632,22HSAENG10
QD190532,22HSPHY1
QD190532,22HSGEO4
QD190532,22HSCHM5
QD190532,22HSHIS2
QD190532,22HSSS
QD190532,22HSCHN7
QD190532,22HSMTH7
QD190532,22HSPE4
QD190532,22HSART2
QD190532,22HSAENG6
QD190532,22HSENG7
QD190506,22HSART1
QD190506,22HSAENG1
QD190506,22HSMTH6
QD190506,22HSPE3
QD190506,22HSSS
QD190506,22HSCHN7
QD190506,22HSPHY2
QD190506,22HSGEO7
QD190506,22HSENG8
QD190506,22HSCHM4
QD190506,22HSHIS7
QD190425,22HSCMS1
QD190425,22HSGEO4
QD190425,22HSECO5
QD190425,22HSCHN5
QD190425,22HSPHY4
QD190425,22HSHIS5
QD190425,22HSMTH8
QD190425,22HSPE4
QD190425,22HSENG6
QD190425,22HSDT1
QD190425,22HSAENG12
QD190620,22HSMTH3
QD190620,22HSPE2
QD190620,22HSPHY5
QD190620,22HSHIS1
QD190620,22HSPSY
QD190620,22HSCHN8
QD190620,22HSDT2
QD190620,22HSAENG9
QD190620,22HSCHM1
QD190620,22HSGEO8
QD190620,22HSENG7
QD190331,22HSENG2
QD190331,22HSCHM5
QD190331,22HSGEO5
QD190331,22HSSS
QD190331,22HSCHN7
QD190331,22HSMUS1
QD190331,22HSAENG5
QD190331,22HSPHY3
QD190331,22HSHIS3
QD190331,22HSMTH1
QD190331,22HSPE1
QD190528,22HSCMS1
QD190528,22HSGEO3
QD190528,22HSPHY5
QD190528,22HSHIS1
QD190528,22HSENG4
QD190528,22HSMTH7
QD190528,22HSPE4
QD190528,22HSECO2
QD190528,22HSCHN2
QD190528,22HSART5
QD190528,22HSAENG11
QD190626,22HSMTH4
QD190626,22HSPE2
QD190626,22HSESS
QD190626,22HSGEO6
QD190626,22HSENG3
QD190626,22HSECO3
QD190626,22HSCHN3
QD190626,22HSART3
QD190626,22HSAENG4
QD190626,22HSCHM4
QD190626,22HSHIS8
QD190304,22HSCMS1
QD190304,22HSGEO4
QD190304,22HSMTH6
QD190304,22HSPE3
QD190304,22HSPHY4
QD190304,22HSHIS6
QD190304,22HSENG8
QD190304,22HSECO1
QD190304,22HSCHN1
QD190304,22HSART5
QD190304,22HSAENG11
QD190117,22HSTHT1
QD190117,22HSAENG3
QD190117,22HSCMS2
QD190117,22HSHIS2
QD190117,22HSENG3
QD190117,22HSMTH7
QD190117,22HSPE4
QD190117,22HSPHY2
QD190117,22HSGEO7
QD190117,22HSECO4
QD190117,22HSCHN4
QD190202,22HSPHY1
QD190202,22HSGEO3
QD190202,22HSMTH5
QD190202,22HSPE3
QD190202,22HSCHM2
QD190202,22HSHIS5
QD190202,22HSECO3
QD190202,22HSCHN3
QD190202,22HSART3
QD190202,22HSAENG4
QD190202,22HSENG7
QD190505,22HSTHT1
QD190505,22HSAENG3
QD190505,22HSESS
QD190505,22HSHIS1
QD190505,22HSCHM3
QD190505,22HSGEO2
QD190505,22HSMTH7
QD190505,22HSPE4
QD190505,22HSENG6
QD190505,22HSECO4
QD190505,22HSCHN4
QD190518,22HSCMS1
QD190518,22HSGEO4
QD190518,22HSMTH5
QD190518,22HSPE3
QD190518,22HSPHY4
QD190518,22HSHIS5
QD190518,22HSECO2
QD190518,22HSCHN2
QD190518,22HSENG8
QD190518,22HSTHT2
QD190518,22HSAENG10
QD190416,22HSMTH3
QD190416,22HSPE2
QD190416,22HSECO5
QD190416,22HSCHN5
QD190416,22HSCHM2
QD190416,22HSGEO1
QD190416,22HSPHY3
QD190416,22HSHIS4
QD190416,22HSART2
QD190416,22HSAENG6
QD190416,22HSENG7
QD190613,22HSTHT1
QD190613,22HSAENG3
QD190613,22HSBIO2
QD190613,22HSHIS2
QD190613,22HSSS
QD190613,22HSCHN7
QD190613,22HSCHM1
QD190613,22HSGEO8
QD190613,22HSENG8
QD190613,22HSMTH2
QD190613,22HSPE1
QD190206,22HSMTH4
QD190206,22HSPE2
QD190206,22HSECO6
QD190206,22HSCHN6
QD190206,22HSENG4
QD190206,22HSBIO1
QD190206,22HSHIS3
QD190206,22HSPHY2
QD190206,22HSGEO7
QD190206,22HSTHT2
QD190206,22HSAENG10
QD190602,22HSENG2
QD190602,22HSPHY5
QD190602,22HSGEO6
QD190602,22HSSS
QD190602,22HSCHN7
QD190602,22HSMTH8
QD190602,22HSPE4
QD190602,22HSART3
QD190602,22HSAENG4
QD190602,22HSCHM4
QD190602,22HSHIS8
QD190107,22HSCMS1
QD190107,22HSGEO3
QD190107,22HSPHY5
QD190107,22HSHIS2
QD190107,22HSPSY
QD190107,22HSCHN8
QD190107,22HSART4
QD190107,22HSAENG7
QD190107,22HSENG5
QD190107,22HSMTH1
QD190107,22HSPE1
QD190503,22HSART1
QD190503,22HSAENG1
QD190503,22HSESS
QD190503,22HSHIS1
QD190503,22HSSS
QD190503,22HSCHN7
QD190503,22HSCHM1
QD190503,22HSGEO7
QD190503,22HSENG8
QD190503,22HSMTH2
QD190503,22HSPE1
QD190333,22HSMTH3
QD190333,22HSPE2
QD190333,22HSCHM5
QD190333,22HSHIS1
QD190333,22HSENG3
QD190333,22HSECO3
QD190333,22HSCHN3
QD190333,22HSPHY2
QD190333,22HSGEO8
QD190333,22HSDT1
QD190333,22HSAENG12
QD190414,22HSPHY1
QD190414,22HSGEO3
QD190414,22HSCMS2
QD190414,22HSHIS2
QD190414,22HSENG4
QD190414,22HSMTH8
QD190414,22HSPE4
QD190414,22HSECO1
QD190414,22HSCHN1
QD190414,22HSART5
QD190414,22HSAENG11
QD190418,22HSMTH4
QD190418,22HSPE2
QD190418,22HSBIO2
QD190418,22HSGEO5
QD190418,22HSPSY
QD190418,22HSCHN8
QD190418,22HSART2
QD190418,22HSAENG6
QD190418,22HSENG8
QD190418,22HSCHM4
QD190418,22HSHIS7
QD190305,22HSMTH3
QD190305,22HSPE2
QD190305,22HSCMS2
QD190305,22HSHIS2
QD190305,22HSPHY4
QD190305,22HSGEO2
QD190305,22HSDT2
QD190305,22HSAENG9
QD190305,22HSENG5
QD190305,22HSECO4
QD190305,22HSCHN4
QD190427,22HSPHY1
QD190427,22HSGEO4
QD190427,22HSECO6
QD190427,22HSCHN6
QD190427,22HSCHM2
QD190427,22HSHIS6
QD190427,22HSART4
QD190427,22HSAENG7
QD190427,22HSENG6
QD190427,22HSMTH2
QD190427,22HSPE1
QD190434,22HSENG1
QD190434,22HSCHM5
QD190434,22HSHIS1
QD190434,22HSBIO3
QD190434,22HSGEO1
QD190434,22HSECO2
QD190434,22HSCHN2
QD190434,22HSART4
QD190434,22HSAENG7
QD190434,22HSMTH2
QD190434,22HSPE1
QD190632,22HSMTH4
QD190632,22HSPE2
QD190632,22HSESS
QD190632,22HSGEO6
QD190632,22HSPSY
QD190632,22HSCHN8
QD190632,22HSPHY3
QD190632,22HSHIS4
QD190632,22HSART3
QD190632,22HSAENG4
QD190632,22HSENG7
QD190213,22HSPHY1
QD190213,22HSGEO4
QD190213,22HSMTH6
QD190213,22HSPE3
QD190213,22HSENG3
QD190213,22HSMUS2
QD190213,22HSAENG8
QD190213,22HSECO1
QD190213,22HSCHN1
QD190213,22HSBIO4
QD190213,22HSHIS7
QD190504,22HSMTH3
QD190504,22HSPE2
QD190504,22HSECO5
QD190504,22HSCHN5
QD190504,22HSCHM3
QD190504,22HSGEO2
QD190504,22HSBIO1
QD190504,22HSHIS3
QD190504,22HSENG6
QD190504,22HSART5
QD190504,22HSAENG11
QD190424,22HSTHT1
QD190424,22HSAENG3
QD190424,22HSMTH6
QD190424,22HSPE3
QD190424,22HSBIO3
QD190424,22HSGEO1
QD190424,22HSECO3
QD190424,22HSCHN3
QD190424,22HSENG5
QD190424,22HSCHM4
QD190424,22HSHIS8
QD190227,22HSCMS1
QD190227,22HSGEO3
QD190227,22HSECO6
QD190227,22HSCHN6
QD190227,22HSCHM3
QD190227,22HSHIS5
QD190227,22HSMTH8
QD190227,22HSPE4
QD190227,22HSENG5
QD190227,22HSTHT2
QD190227,22HSAENG10
QD190604,22HSART1
QD190604,22HSAENG1
QD190604,22HSBIO2
QD190604,22HSGEO5
QD190604,22HSCHM2
QD190604,22HSHIS6
QD190604,22HSECO3
QD190604,22HSCHN3
QD190604,22HSENG6
QD190604,22HSMTH2
QD190604,22HSPE1
QD190324,22HSTHT1
QD190324,22HSAENG3
QD190324,22HSPHY5
QD190324,22HSGEO5
QD190324,22HSPSY
QD190324,22HSCHN8
QD190324,22HSMTH8
QD190324,22HSPE4
QD190324,22HSENG5
QD190324,22HSBIO4
QD190324,22HSHIS8
QD190122,22HSFILM
QD190122,22HSAENG2
QD190122,22HSMTH5
QD190122,22HSPE3
QD190122,22HSCHM2
QD190122,22HSGEO1
QD190122,22HSPHY3
QD190122,22HSHIS4
QD190122,22HSECO2
QD190122,22HSCHN2
QD190122,22HSENG7
QD190420,22HSCMS1
QD190420,22HSGEO4
QD190420,22HSMTH6
QD190420,22HSPE3
QD190420,22HSBIO3
QD190420,22HSHIS5
QD190420,22HSENG6
QD190420,22HSECO3
QD190420,22HSCHN3
QD190420,22HSDT1
QD190420,22HSAENG12
QD190530,22HSMTH3
QD190530,22HSPE2
QD190530,22HSECO5
QD190530,22HSCHN5
QD190530,22HSENG4
QD190530,22HSDT2
QD190530,22HSAENG9
QD190530,22HSPHY2
QD190530,22HSGEO8
QD190530,22HSBIO4
QD190530,22HSHIS7
QD190127,22HSENG1
QD190127,22HSCMS2
QD190127,22HSHIS2
QD190127,22HSPHY4
QD190127,22HSGEO2
QD190127,22HSDT2
QD190127,22HSAENG9
QD190127,22HSECO2
QD190127,22HSCHN2
QD190127,22HSMTH2
QD190127,22HSPE1
QD190511,22HSENG2
QD190511,22HSMTH5
QD190511,22HSPE3
QD190511,22HSCHM3
QD190511,22HSGEO1
QD190511,22HSBIO1
QD190511,22HSHIS3
QD190511,22HSECO1
QD190511,22HSCHN1
QD190511,22HSDT1
QD190511,22HSAENG12
QD180601,22HSPHY1
QD180601,22HSGEO3
QD180601,22HSESS
QD180601,22HSHIS1
QD180601,22HSENG3
QD180601,22HSMTH7
QD180601,22HSPE4
QD180601,22HSECO1
QD180601,22HSCHN1
QD180601,22HSDT1
QD180601,22HSAENG12
QD190501,22HSENG1
QD190501,22HSCMS2
QD190501,22HSGEO6
QD190501,22HSCHM2
QD190501,22HSHIS6
QD190501,22HSDT2
QD190501,22HSAENG9
QD190501,22HSECO2
QD190501,22HSCHN2
QD190501,22HSMTH2
QD190501,22HSPE1
QD190405,22HSCMS1
QD190405,22HSGEO4
QD190405,22HSMTH6
QD190405,22HSPE3
QD190405,22HSENG4
QD190405,22HSPHY3
QD190405,22HSHIS3
QD190405,22HSART2
QD190405,22HSAENG6
QD190405,22HSECO4
QD190405,22HSCHN4
QD190234,22HSMTH4
QD190234,22HSPE2
QD190234,22HSCMS2
QD190234,22HSHIS2
QD190234,22HSENG3
QD190234,22HSPHY2
QD190234,22HSGEO7
QD190234,22HSECO3
QD190234,22HSCHN3
QD190234,22HSDT1
QD190234,22HSAENG12
QD190307,22HSART1
QD190307,22HSAENG1
QD190307,22HSCHM5
QD190307,22HSGEO6
QD190307,22HSPSY
QD190307,22HSCHN8
QD190307,22HSPHY3
QD190307,22HSHIS4
QD190307,22HSENG5
QD190307,22HSMTH1
QD190307,22HSPE1
QD190521,22HSCMS1
QD190521,22HSGEO3
QD190521,22HSMTH5
QD190521,22HSPE3
QD190521,22HSPHY4
QD190521,22HSHIS5
QD190521,22HSDT2
QD190521,22HSAENG9
QD190521,22HSENG6
QD190521,22HSECO4
QD190521,22HSCHN4
QD190221,22HSCMS1
QD190221,22HSGEO3
QD190221,22HSPHY5
QD190221,22HSHIS1
QD190221,22HSENG4
QD190221,22HSDT2
QD190221,22HSAENG9
QD190221,22HSECO2
QD190221,22HSCHN2
QD190221,22HSMTH2
QD190221,22HSPE1
QD190214,22HSMTH3
QD190214,22HSPE2
QD190214,22HSCHM5
QD190214,22HSGEO5
QD190214,22HSENG3
QD190214,22HSMUS1
QD190214,22HSAENG5
QD190214,22HSECO3
QD190214,22HSCHN3
QD190214,22HSBIO4
QD190214,22HSHIS8
QD190413,22HSENG2
QD190413,22HSBIO2
QD190413,22HSHIS1
QD190413,22HSPSY
QD190413,22HSCHN8
QD190413,22HSMTH8
QD190413,22HSPE4
QD190413,22HSCHM1
QD190413,22HSGEO7
QD190413,22HSART5
QD190413,22HSAENG11
QD190326,22HSENG2
QD190326,22HSMTH6
QD190326,22HSPE3
QD190326,22HSPSY
QD190326,22HSCHN8
QD190326,22HSCHM1
QD190326,22HSGEO8
QD190326,22HSBIO1
QD190326,22HSHIS3
QD190326,22HSART5
QD190326,22HSAENG11
QD190229,22HSENG1
QD190229,22HSECO6
QD190229,22HSCHN6
QD190229,22HSBIO3
QD190229,22HSGEO2
QD190229,22HSART2
QD190229,22HSAENG6
QD190229,22HSMTH7
QD190229,22HSPE4
QD190229,22HSCHM4
QD190229,22HSHIS7
QD190417,22HSPHY1
QD190417,22HSGEO4
QD190417,22HSECO5
QD190417,22HSCHN5
QD190417,22HSENG4
QD190417,22HSMTH8
QD190417,22HSPE4
QD190417,22HSART3
QD190417,22HSAENG4
QD190417,22HSBIO4
QD190417,22HSHIS8
QD190630,22HSENG2
QD190630,22HSCHM5
QD190630,22HSGEO5
QD190630,22HSBIO3
QD190630,22HSHIS6
QD190630,22HSMTH8
QD190630,22HSPE4
QD190630,22HSECO1
QD190630,22HSCHN1
QD190630,22HSTHT2
QD190630,22HSAENG10
QD190609,22HSENG1
QD190609,22HSECO6
QD190609,22HSCHN6
QD190609,22HSPHY4
QD190609,22HSHIS6
QD190609,22HSMUS2
QD190609,22HSAENG8
QD190609,22HSCHM1
QD190609,22HSGEO8
QD190609,22HSMTH2
QD190609,22HSPE1
QD190621,22HSMTH4
QD190621,22HSPE2
QD190621,22HSCMS2
QD190621,22HSGEO6
QD190621,22HSENG3
QD190621,22HSECO1
QD190621,22HSCHN1
QD190621,22HSPHY3
QD190621,22HSHIS4
QD190621,22HSDT1
QD190621,22HSAENG12
QD190103,22HSENG1
QD190103,22HSPHY5
QD190103,22HSGEO6
QD190103,22HSCHM3
QD190103,22HSHIS5
QD190103,22HSMTH7
QD190103,22HSPE4
QD190103,22HSECO2
QD190103,22HSCHN2
QD190103,22HSDT1
QD190103,22HSAENG12
QD190412,22HSCMS1
QD190412,22HSGEO3
QD190412,22HSECO5
QD190412,22HSCHN5
QD190412,22HSBIO3
QD190412,22HSHIS6
QD190412,22HSMUS1
QD190412,22HSAENG5
QD190412,22HSENG8
QD190412,22HSMTH1
QD190412,22HSPE1
QD190330,22HSFILM
QD190330,22HSAENG2
QD190330,22HSBIO2
QD190330,22HSHIS2
QD190330,22HSENG4
QD190330,22HSMTH8
QD190330,22HSPE4
QD190330,22HSCHM1
QD190330,22HSGEO7
QD190330,22HSECO4
QD190330,22HSCHN4
QD190116,22HSMTH4
QD190116,22HSPE2
QD190116,22HSESS
QD190116,22HSGEO5
QD190116,22HSSS
QD190116,22HSCHN7
QD190116,22HSMUS1
QD190116,22HSAENG5
QD190116,22HSENG8
QD190116,22HSCHM4
QD190116,22HSHIS7
QD190533,22HSMTH3
QD190533,22HSPE2
QD190533,22HSCHM5
QD190533,22HSGEO5
QD190533,22HSPSY
QD190533,22HSCHN8
QD190533,22HSBIO1
QD190533,22HSHIS4
QD190533,22HSENG5
QD190533,22HSTHT2
QD190533,22HSAENG10
QD190419,22HSENG2
QD190419,22HSESS
QD190419,22HSHIS1
QD190419,22HSCHM3
QD190419,22HSGEO1
QD190419,22HSMTH7
QD190419,22HSPE4
QD190419,22HSART3
QD190419,22HSAENG4
QD190419,22HSECO4
QD190419,22HSCHN4
QD190523,22HSART1
QD190523,22HSAENG1
QD190523,22HSECO5
QD190523,22HSCHN5
QD190523,22HSCHM2
QD190523,22HSGEO2
QD190523,22HSMTH8
QD190523,22HSPE4
QD190523,22HSENG6
QD190523,22HSBIO4
QD190523,22HSHIS7
QD190126,22HSTHT1
QD190126,22HSAENG3
QD190126,22HSESS
QD190126,22HSHIS2
QD190126,22HSENG4
QD190126,22HSECO3
QD190126,22HSCHN3
QD190126,22HSPHY2
QD190126,22HSGEO8
QD190126,22HSMTH1
QD190126,22HSPE1
QD190217,22HSENG2
QD190217,22HSBIO2
QD190217,22HSHIS1
QD190217,22HSCHM3
QD190217,22HSGEO1
QD190217,22HSECO1
QD190217,22HSCHN1
QD190217,22HSART4
QD190217,22HSAENG7
QD190217,22HSMTH2
QD190217,22HSPE1
QD190233,22HSENG1
QD190233,22HSPHY5
QD190233,22HSHIS2
QD190233,22HSCHM2
QD190233,22HSGEO2
QD190233,22HSART2
QD190233,22HSAENG6
QD190233,22HSMTH7
QD190233,22HSPE4
QD190233,22HSECO4
QD190233,22HSCHN4
QD190402,22HSENG2
QD190402,22HSCMS2
QD190402,22HSGEO6
QD190402,22HSPHY4
QD190402,22HSHIS5
QD190402,22HSDT2
QD190402,22HSAENG9
QD190402,22HSECO2
QD190402,22HSCHN2
QD190402,22HSMTH1
QD190402,22HSPE1
QD190519,22HSART1
QD190519,22HSAENG1
QD190519,22HSBIO2
QD190519,22HSHIS1
QD190519,22HSENG3
QD190519,22HSMTH8
QD190519,22HSPE4
QD190519,22HSCHM1
QD190519,22HSGEO7
QD190519,22HSECO4
QD190519,22HSCHN4
QD190320,22HSPHY1
QD190320,22HSGEO4
QD190320,22HSMTH5
QD190320,22HSPE3
QD190320,22HSCHM2
QD190320,22HSHIS6
QD190320,22HSART4
QD190320,22HSAENG7
QD190320,22HSENG6
QD190320,22HSECO4
QD190320,22HSCHN4
QD190112,22HSENG1
QD190112,22HSECO6
QD190112,22HSCHN6
QD190112,22HSBIO3
QD190112,22HSHIS5
QD190112,22HSMUS2
QD190112,22HSAENG8
QD190112,22HSPHY2
QD190112,22HSGEO7
QD190112,22HSMTH2
QD190112,22HSPE1
QD190115,22HSMTH4
QD190115,22HSPE2
QD190115,22HSPHY5
QD190115,22HSGEO5
QD190115,22HSSS
QD190115,22HSCHN7
QD190115,22HSMUS2
QD190115,22HSAENG8
QD190115,22HSENG5
QD190115,22HSBIO4
QD190115,22HSHIS8
QD190120,22HSPHY1
QD190120,22HSGEO4
QD190120,22HSMTH5
QD190120,22HSPE3
QD190120,22HSCHM3
QD190120,22HSHIS5
QD190120,22HSMUS1
QD190120,22HSAENG5
QD190120,22HSECO3
QD190120,22HSCHN3
QD190120,22HSENG7
QD190432,22HSMTH3
QD190432,22HSPE2
QD190432,22HSCHM5
QD190432,22HSHIS2
QD190432,22HSPHY4
QD190432,22HSGEO1
QD190432,22HSECO1
QD190432,22HSCHN1
QD190432,22HSENG8
QD190432,22HSTHT2
QD190432,22HSAENG10
QD190429,22HSMTH3
QD190429,22HSPE2
QD190429,22HSECO6
QD190429,22HSCHN6
QD190429,22HSENG3
QD190429,22HSMUS2
QD190429,22HSAENG8
QD190429,22HSPHY2
QD190429,22HSGEO8
QD190429,22HSBIO4
QD190429,22HSHIS8
QD190316,22HSTHT1
QD190316,22HSAENG3
QD190316,22HSESS
QD190316,22HSGEO6
QD190316,22HSSS
QD190316,22HSCHN7
QD190316,22HSBIO1
QD190316,22HSHIS3
QD190316,22HSENG6
QD190316,22HSMTH2
QD190316,22HSPE1
QD190207,22HSTHT1
QD190207,22HSAENG3
QD190207,22HSCMS2
QD190207,22HSGEO5
QD190207,22HSSS
QD190207,22HSCHN7
QD190207,22HSMTH8
QD190207,22HSPE4
QD190207,22HSENG5
QD190207,22HSBIO4
QD190207,22HSHIS7
QD190235,22HSFILM
QD190235,22HSAENG2
QD190235,22HSCMS2
QD190235,22HSHIS1
QD190235,22HSENG4
QD190235,22HSMTH8
QD190235,22HSPE4
QD190235,22HSPHY2
QD190235,22HSGEO8
QD190235,22HSECO4
QD190235,22HSCHN4
QD190210,22HSENG1
QD190210,22HSECO5
QD190210,22HSCHN5
QD190210,22HSCHM2
QD190210,22HSGEO2
QD190210,22HSMUS1
QD190210,22HSAENG5
QD190210,22HSPHY3
QD190210,22HSHIS4
QD190210,22HSMTH1
QD190210,22HSPE1
QD190325,22HSMTH4
QD190325,22HSPE2
QD190325,22HSECO6
QD190325,22HSCHN6
QD190325,22HSENG3
QD190325,22HSBIO1
QD190325,22HSHIS3
QD190325,22HSCHM1
QD190325,22HSGEO7
QD190325,22HSTHT2
QD190325,22HSAENG10
QD190204,22HSMTH3
QD190204,22HSPE2
QD190204,22HSBIO2
QD190204,22HSGEO6
QD190204,22HSENG4
QD190204,22HSPHY3
QD190204,22HSHIS4
QD190204,22HSECO2
QD190204,22HSCHN2
QD190204,22HSART5
QD190204,22HSAENG11
QD190318,22HSTHT1
QD190318,22HSAENG3
QD190318,22HSCHM5
QD190318,22HSGEO5
QD190318,22HSSS
QD190318,22HSCHN7
QD190318,22HSBIO1
QD190318,22HSHIS3
QD190318,22HSENG5
QD190318,22HSMTH2
QD190318,22HSPE1
QD190507,22HSFILM
QD190507,22HSAENG2
QD190507,22HSMTH6
QD190507,22HSPE3
QD190507,22HSPHY4
QD190507,22HSGEO2
QD190507,22HSENG8
QD190507,22HSECO2
QD190507,22HSCHN2
QD190507,22HSCHM4
QD190507,22HSHIS8
QD190610,22HSPHY1
QD190610,22HSGEO3
QD190610,22HSESS
QD190610,22HSHIS2
QD190610,22HSENG3
QD190610,22HSMTH7
QD190610,22HSPE4
QD190610,22HSART3
QD190610,22HSAENG4
QD190610,22HSECO4
QD190610,22HSCHN4
QD190313,22HSMTH4
QD190313,22HSPE2
QD190313,22HSCHM5
QD190313,22HSGEO6
QD190313,22HSBIO3
QD190313,22HSHIS6
QD190313,22HSECO3
QD190313,22HSCHN3
QD190313,22HSENG6
QD190313,22HSTHT2
QD190313,22HSAENG10
QD190509,22HSART1
QD190509,22HSAENG1
QD190509,22HSPHY5
QD190509,22HSGEO6
QD190509,22HSENG4
QD190509,22HSMTH8
QD190509,22HSPE4
QD190509,22HSECO1
QD190509,22HSCHN1
QD190509,22HSCHM4
QD190509,22HSHIS7
QD190403,22HSENG2
QD190403,22HSECO5
QD190403,22HSCHN5
QD190403,22HSBIO3
QD190403,22HSHIS6
QD190403,22HSPHY2
QD190403,22HSGEO8
QD190403,22HSART4
QD190403,22HSAENG7
QD190403,22HSMTH2
QD190403,22HSPE1
QD190408,22HSENG2
QD190408,22HSBIO2
QD190408,22HSHIS2
QD190408,22HSPHY4
QD190408,22HSGEO1
QD190408,22HSMUS2
QD190408,22HSAENG8
QD190408,22HSECO1
QD190408,22HSCHN1
QD190408,22HSMTH1
QD190408,22HSPE1
QD190407,22HSCMS1
QD190407,22HSGEO3
QD190407,22HSMTH5
QD190407,22HSPE3
QD190407,22HSENG3
QD190407,22HSPHY3
QD190407,22HSHIS4
QD190407,22HSECO2
QD190407,22HSCHN2
QD190407,22HSTHT2
QD190407,22HSAENG10
QD190231,22HSENG1
QD190231,22HSPHY5
QD190231,22HSGEO5
QD190231,22HSPSY
QD190231,22HSCHN8
QD190231,22HSMUS1
QD190231,22HSAENG5
QD190231,22HSMTH8
QD190231,22HSPE4
QD190231,22HSCHM4
QD190231,22HSHIS8
QD190516,22HSCMS1
QD190516,22HSGEO4
QD190516,22HSBIO2
QD190516,22HSHIS1
QD190516,22HSSS
QD190516,22HSCHN7
QD190516,22HSMUS1
QD190516,22HSAENG5
QD190516,22HSENG8
QD190516,22HSMTH2
QD190516,22HSPE1
QD190406,22HSCMS1
QD190406,22HSGEO4
QD190406,22HSMTH6
QD190406,22HSPE3
QD190406,22HSCHM3
QD190406,22HSHIS5
QD190406,22HSDT2
QD190406,22HSAENG9
QD190406,22HSECO1
QD190406,22HSCHN1
QD190406,22HSENG7
QD190502,22HSFILM
QD190502,22HSAENG2
QD190502,22HSCMS2
QD190502,22HSHIS2
QD190502,22HSPHY4
QD190502,22HSGEO2
QD190502,22HSECO3
QD190502,22HSCHN3
QD190502,22HSENG5
QD190502,22HSMTH1
QD190502,22HSPE1
QD190113,22HSMTH3
QD190113,22HSPE2
QD190113,22HSCMS2
QD190113,22HSHIS1
QD190113,22HSENG4
QD190113,22HSMUS2
QD190113,22HSAENG8
QD190113,22HSPHY2
QD190113,22HSGEO7
QD190113,22HSECO4
QD190113,22HSCHN4
QD190527,22HSFILM
QD190527,22HSAENG2
QD190527,22HSCMS2
QD190527,22HSHIS1
QD190527,22HSCHM2
QD190527,22HSGEO1
QD190527,22HSMTH7
QD190527,22HSPE4
QD190527,22HSECO2
QD190527,22HSCHN2
QD190527,22HSENG7
QD190606,22HSENG2
QD190606,22HSMTH5
QD190606,22HSPE3
QD190606,22HSSS
QD190606,22HSCHN7
QD190606,22HSBIO1
QD190606,22HSHIS3
QD190606,22HSCHM1
QD190606,22HSGEO7
QD190606,22HSART5
QD190606,22HSAENG11
QD190404,22HSCMS1
QD190404,22HSGEO3
QD190404,22HSMTH6
QD190404,22HSPE3
QD190404,22HSPSY
QD190404,22HSCHN8
QD190404,22HSBIO1
QD190404,22HSHIS4
QD190404,22HSENG6
QD190404,22HSDT1
QD190404,22HSAENG12
QD190105,22HSMTH4
QD190105,22HSPE2
QD190105,22HSBIO2
QD190105,22HSGEO6
QD190105,22HSSS
QD190105,22HSCHN7
QD190105,22HSMUS1
QD190105,22HSAENG5
QD190105,22HSENG8
QD190105,22HSCHM4
QD190105,22HSHIS7
QD190631,22HSCMS1
QD190631,22HSGEO4
QD190631,22HSECO6
QD190631,22HSCHN6
QD190631,22HSBIO3
QD190631,22HSHIS6
QD190631,22HSMTH8
QD190631,22HSPE4
QD190631,22HSENG5
QD190631,22HSDT1
QD190631,22HSAENG12
QD190232,22HSENG1
QD190232,22HSESS
QD190232,22HSHIS2
QD190232,22HSPSY
QD190232,22HSCHN8
QD190232,22HSMUS2
QD190232,22HSAENG8
QD190232,22HSCHM1
QD190232,22HSGEO8
QD190232,22HSMTH1
QD190232,22HSPE1
QD190212,22HSENG2
QD190212,22HSCMS2
QD190212,22HSGEO5
QD190212,22HSCHM3
QD190212,22HSHIS5
QD190212,22HSECO3
QD190212,22HSCHN3
QD190212,22HSART2
QD190212,22HSAENG6
QD190212,22HSMTH2
QD190212,22HSPE1
